Sexe, Macroregiuni  regiuni de dezvoltare si judete, Ani, UM: Mii persoane, Valoare
Total, Bihor, Anul 1990, Mii persoane, 329
Total, Bihor, Anul 1991, Mii persoane, 333.9
Total, Bihor, Anul 1992, Mii persoane, 342.6
Total, Bihor, Anul 1993, Mii persoane, 343.2
Total, Bihor, Anul 1994, Mii persoane, 329.7
Total, Bihor, Anul 1995, Mii persoane, 283.2
Total, Bihor, Anul 1996, Mii persoane, 272.9
Total, Bihor, Anul 1997, Mii persoane, 269.6
Total, Bihor, Anul 1998, Mii persoane, 285
Total, Bihor, Anul 1999, Mii persoane, 278.9
Total, Bihor, Anul 2000, Mii persoane, 294.8
Total, Bihor, Anul 2001, Mii persoane, 290.1
Total, Bihor, Anul 2002, Mii persoane, 283.3
Total, Bihor, Anul 2003, Mii persoane, 281.9
Total, Bihor, Anul 2004, Mii persoane, 275.2
Total, Bihor, Anul 2005, Mii persoane, 279.9
Total, Bihor, Anul 2006, Mii persoane, 280.9
Total, Bihor, Anul 2007, Mii persoane, 284.8
Total, Bihor, Anul 2008, Mii persoane, 284.2
Total, Bihor, Anul 2009, Mii persoane, 285.8
Total, Bihor, Anul 2010, Mii persoane, 282.7
Total, Bihor, Anul 2011, Mii persoane, 274.6
Total, Bihor, Anul 2012, Mii persoane, 280
Total, Bihor, Anul 2013, Mii persoane, 276.7
Total, Bihor, Anul 2014, Mii persoane, 274.8
Total, Bihor, Anul 2015, Mii persoane, 272.4
Total, Bihor, Anul 2016, Mii persoane, 267.8
Total, Bihor, Anul 2017, Mii persoane, 266.9
Total, Bihor, Anul 2018, Mii persoane, 265.6
Total, Bihor, Anul 2019, Mii persoane, 264.2
Total, Bihor, Anul 2020, Mii persoane, 265
Total, Bihor, Anul 2021, Mii persoane, 234
Total, Bihor, Anul 2022, Mii persoane, 237.9
Total, Bihor, Anul 2023, Mii persoane, 236.4
Total, Bihor, Anul 2024, Mii persoane, 237.4
Total, Bistrita-Nasaud, Anul 1990, Mii persoane, 144.6
Total, Bistrita-Nasaud, Anul 1991, Mii persoane, 149.2
Total, Bistrita-Nasaud, Anul 1992, Mii persoane, 165.2
Total, Bistrita-Nasaud, Anul 1993, Mii persoane, 162.7
Total, Bistrita-Nasaud, Anul 1994, Mii persoane, 158.6
Total, Bistrita-Nasaud, Anul 1995, Mii persoane, 147.8
Total, Bistrita-Nasaud, Anul 1996, Mii persoane, 138
Total, Bistrita-Nasaud, Anul 1997, Mii persoane, 142.3
Total, Bistrita-Nasaud, Anul 1998, Mii persoane, 136.9
Total, Bistrita-Nasaud, Anul 1999, Mii persoane, 139.1
Total, Bistrita-Nasaud, Anul 2000, Mii persoane, 136
Total, Bistrita-Nasaud, Anul 2001, Mii persoane, 135
Total, Bistrita-Nasaud, Anul 2002, Mii persoane, 127.2
Total, Bistrita-Nasaud, Anul 2003, Mii persoane, 126.6
Total, Bistrita-Nasaud, Anul 2004, Mii persoane, 124.6
Total, Bistrita-Nasaud, Anul 2005, Mii persoane, 126.2
Total, Bistrita-Nasaud, Anul 2006, Mii persoane, 126.4
Total, Bistrita-Nasaud, Anul 2007, Mii persoane, 130.2
Total, Bistrita-Nasaud, Anul 2008, Mii persoane, 131.8
Total, Bistrita-Nasaud, Anul 2009, Mii persoane, 135.6
Total, Bistrita-Nasaud, Anul 2010, Mii persoane, 133.7
Total, Bistrita-Nasaud, Anul 2011, Mii persoane, 133.5
Total, Bistrita-Nasaud, Anul 2012, Mii persoane, 138.4
Total, Bistrita-Nasaud, Anul 2013, Mii persoane, 136.8
Total, Bistrita-Nasaud, Anul 2014, Mii persoane, 134.8
Total, Bistrita-Nasaud, Anul 2015, Mii persoane, 133.8
Total, Bistrita-Nasaud, Anul 2016, Mii persoane, 132.1
Total, Bistrita-Nasaud, Anul 2017, Mii persoane, 131.3
Total, Bistrita-Nasaud, Anul 2018, Mii persoane, 129
Total, Bistrita-Nasaud, Anul 2019, Mii persoane, 128.5
Total, Bistrita-Nasaud, Anul 2020, Mii persoane, 129.5
Total, Bistrita-Nasaud, Anul 2021, Mii persoane, 112.4
Total, Bistrita-Nasaud, Anul 2022, Mii persoane, 115.8
Total, Bistrita-Nasaud, Anul 2023, Mii persoane, 113.2
Total, Bistrita-Nasaud, Anul 2024, Mii persoane, 111.4
Total, Cluj, Anul 1990, Mii persoane, 369.5
Total, Cluj, Anul 1991, Mii persoane, 397.5
Total, Cluj, Anul 1992, Mii persoane, 411.3
Total, Cluj, Anul 1993, Mii persoane, 396.6
Total, Cluj, Anul 1994, Mii persoane, 401.6
Total, Cluj, Anul 1995, Mii persoane, 346.8
Total, Cluj, Anul 1996, Mii persoane, 359.6
Total, Cluj, Anul 1997, Mii persoane, 349.3
Total, Cluj, Anul 1998, Mii persoane, 351
Total, Cluj, Anul 1999, Mii persoane, 332
Total, Cluj, Anul 2000, Mii persoane, 334.9
Total, Cluj, Anul 2001, Mii persoane, 329.3
Total, Cluj, Anul 2002, Mii persoane, 331.9
Total, Cluj, Anul 2003, Mii persoane, 324.5
Total, Cluj, Anul 2004, Mii persoane, 320.5
Total, Cluj, Anul 2005, Mii persoane, 323.8
Total, Cluj, Anul 2006, Mii persoane, 326.3
Total, Cluj, Anul 2007, Mii persoane, 340.2
Total, Cluj, Anul 2008, Mii persoane, 344.6
Total, Cluj, Anul 2009, Mii persoane, 345.7
Total, Cluj, Anul 2010, Mii persoane, 341.9
Total, Cluj, Anul 2011, Mii persoane, 339
Total, Cluj, Anul 2012, Mii persoane, 346.1
Total, Cluj, Anul 2013, Mii persoane, 350.1
Total, Cluj, Anul 2014, Mii persoane, 353.6
Total, Cluj, Anul 2015, Mii persoane, 353.2
Total, Cluj, Anul 2016, Mii persoane, 360.6
Total, Cluj, Anul 2017, Mii persoane, 365.9
Total, Cluj, Anul 2018, Mii persoane, 366
Total, Cluj, Anul 2019, Mii persoane, 373.5
Total, Cluj, Anul 2020, Mii persoane, 374.9
Total, Cluj, Anul 2021, Mii persoane, 350.5
Total, Cluj, Anul 2022, Mii persoane, 361.3
Total, Cluj, Anul 2023, Mii persoane, 359.3
Total, Cluj, Anul 2024, Mii persoane, 356.7
Total, Maramures, Anul 1990, Mii persoane, 259.7
Total, Maramures, Anul 1991, Mii persoane, 266
Total, Maramures, Anul 1992, Mii persoane, 264.6
Total, Maramures, Anul 1993, Mii persoane, 262.2
Total, Maramures, Anul 1994, Mii persoane, 257.8
Total, Maramures, Anul 1995, Mii persoane, 246.5
Total, Maramures, Anul 1996, Mii persoane, 235.4
Total, Maramures, Anul 1997, Mii persoane, 232.8
Total, Maramures, Anul 1998, Mii persoane, 255.4
Total, Maramures, Anul 1999, Mii persoane, 230.5
Total, Maramures, Anul 2000, Mii persoane, 232.4
Total, Maramures, Anul 2001, Mii persoane, 227.1
Total, Maramures, Anul 2002, Mii persoane, 213.1
Total, Maramures, Anul 2003, Mii persoane, 208.2
Total, Maramures, Anul 2004, Mii persoane, 208.1
Total, Maramures, Anul 2005, Mii persoane, 209.5
Total, Maramures, Anul 2006, Mii persoane, 205.8
Total, Maramures, Anul 2007, Mii persoane, 205.7
Total, Maramures, Anul 2008, Mii persoane, 205.6
Total, Maramures, Anul 2009, Mii persoane, 208.6
Total, Maramures, Anul 2010, Mii persoane, 207.6
Total, Maramures, Anul 2011, Mii persoane, 205
Total, Maramures, Anul 2012, Mii persoane, 210.7
Total, Maramures, Anul 2013, Mii persoane, 209.1
Total, Maramures, Anul 2014, Mii persoane, 206.5
Total, Maramures, Anul 2015, Mii persoane, 202.8
Total, Maramures, Anul 2016, Mii persoane, 196.4
Total, Maramures, Anul 2017, Mii persoane, 198.9
Total, Maramures, Anul 2018, Mii persoane, 200.7
Total, Maramures, Anul 2019, Mii persoane, 201.8
Total, Maramures, Anul 2020, Mii persoane, 199.9
Total, Maramures, Anul 2021, Mii persoane, 175.7
Total, Maramures, Anul 2022, Mii persoane, 178.8
Total, Maramures, Anul 2023, Mii persoane, 176.2
Total, Maramures, Anul 2024, Mii persoane, 174.6
Total, Satu Mare, Anul 1990, Mii persoane, 185.1
Total, Satu Mare, Anul 1991, Mii persoane, 197.3
Total, Satu Mare, Anul 1992, Mii persoane, 200.1
Total, Satu Mare, Anul 1993, Mii persoane, 188.5
Total, Satu Mare, Anul 1994, Mii persoane, 192.5
Total, Satu Mare, Anul 1995, Mii persoane, 184.5
Total, Satu Mare, Anul 1996, Mii persoane, 179.1
Total, Satu Mare, Anul 1997, Mii persoane, 163.1
Total, Satu Mare, Anul 1998, Mii persoane, 173.6
Total, Satu Mare, Anul 1999, Mii persoane, 162.8
Total, Satu Mare, Anul 2000, Mii persoane, 164.4
Total, Satu Mare, Anul 2001, Mii persoane, 166.8
Total, Satu Mare, Anul 2002, Mii persoane, 155.7
Total, Satu Mare, Anul 2003, Mii persoane, 150.2
Total, Satu Mare, Anul 2004, Mii persoane, 145.4
Total, Satu Mare, Anul 2005, Mii persoane, 151.1
Total, Satu Mare, Anul 2006, Mii persoane, 153
Total, Satu Mare, Anul 2007, Mii persoane, 154.7
Total, Satu Mare, Anul 2008, Mii persoane, 155.5
Total, Satu Mare, Anul 2009, Mii persoane, 156.5
Total, Satu Mare, Anul 2010, Mii persoane, 154.6
Total, Satu Mare, Anul 2011, Mii persoane, 152.6
Total, Satu Mare, Anul 2012, Mii persoane, 158.1
Total, Satu Mare, Anul 2013, Mii persoane, 158.5
Total, Satu Mare, Anul 2014, Mii persoane, 156.2
Total, Satu Mare, Anul 2015, Mii persoane, 151.3
Total, Satu Mare, Anul 2016, Mii persoane, 147
Total, Satu Mare, Anul 2017, Mii persoane, 147.7
Total, Satu Mare, Anul 2018, Mii persoane, 146.5
Total, Satu Mare, Anul 2019, Mii persoane, 146.3
Total, Satu Mare, Anul 2020, Mii persoane, 146.1
Total, Satu Mare, Anul 2021, Mii persoane, 127.8
Total, Satu Mare, Anul 2022, Mii persoane, 130.8
Total, Satu Mare, Anul 2023, Mii persoane, 128.2
Total, Satu Mare, Anul 2024, Mii persoane, 128.5
Total, Salaj, Anul 1990, Mii persoane, 123.1
Total, Salaj, Anul 1991, Mii persoane, 126.2
Total, Salaj, Anul 1992, Mii persoane, 128
Total, Salaj, Anul 1993, Mii persoane, 129.3
Total, Salaj, Anul 1994, Mii persoane, 126.5
Total, Salaj, Anul 1995, Mii persoane, 119.7
Total, Salaj, Anul 1996, Mii persoane, 119.6
Total, Salaj, Anul 1997, Mii persoane, 119.7
Total, Salaj, Anul 1998, Mii persoane, 118.5
Total, Salaj, Anul 1999, Mii persoane, 131.4
Total, Salaj, Anul 2000, Mii persoane, 116.4
Total, Salaj, Anul 2001, Mii persoane, 114.8
Total, Salaj, Anul 2002, Mii persoane, 105.1
Total, Salaj, Anul 2003, Mii persoane, 104.4
Total, Salaj, Anul 2004, Mii persoane, 100.2
Total, Salaj, Anul 2005, Mii persoane, 103.1
Total, Salaj, Anul 2006, Mii persoane, 106
Total, Salaj, Anul 2007, Mii persoane, 106.8
Total, Salaj, Anul 2008, Mii persoane, 106.4
Total, Salaj, Anul 2009, Mii persoane, 108.4
Total, Salaj, Anul 2010, Mii persoane, 106.2
Total, Salaj, Anul 2011, Mii persoane, 105
Total, Salaj, Anul 2012, Mii persoane, 108.6
Total, Salaj, Anul 2013, Mii persoane, 108
Total, Salaj, Anul 2014, Mii persoane, 106.5
Total, Salaj, Anul 2015, Mii persoane, 103.5
Total, Salaj, Anul 2016, Mii persoane, 103.1
Total, Salaj, Anul 2017, Mii persoane, 102.8
Total, Salaj, Anul 2018, Mii persoane, 102.5
Total, Salaj, Anul 2019, Mii persoane, 103.4
Total, Salaj, Anul 2020, Mii persoane, 104.1
Total, Salaj, Anul 2021, Mii persoane, 89.7
Total, Salaj, Anul 2022, Mii persoane, 92.7
Total, Salaj, Anul 2023, Mii persoane, 90.4
Total, Salaj, Anul 2024, Mii persoane, 89.3
Total, Alba, Anul 1990, Mii persoane, 205.6
Total, Alba, Anul 1991, Mii persoane, 208.4
Total, Alba, Anul 1992, Mii persoane, 217.6
Total, Alba, Anul 1993, Mii persoane, 210.9
Total, Alba, Anul 1994, Mii persoane, 211.5
Total, Alba, Anul 1995, Mii persoane, 202.6
Total, Alba, Anul 1996, Mii persoane, 210.6
Total, Alba, Anul 1997, Mii persoane, 189.6
Total, Alba, Anul 1998, Mii persoane, 198
Total, Alba, Anul 1999, Mii persoane, 196.7
Total, Alba, Anul 2000, Mii persoane, 204.1
Total, Alba, Anul 2001, Mii persoane, 192.3
Total, Alba, Anul 2002, Mii persoane, 198
Total, Alba, Anul 2003, Mii persoane, 188.3
Total, Alba, Anul 2004, Mii persoane, 186.4
Total, Alba, Anul 2005, Mii persoane, 183.9
Total, Alba, Anul 2006, Mii persoane, 183.9
Total, Alba, Anul 2007, Mii persoane, 184
Total, Alba, Anul 2008, Mii persoane, 181.4
Total, Alba, Anul 2009, Mii persoane, 182.8
Total, Alba, Anul 2010, Mii persoane, 174.3
Total, Alba, Anul 2011, Mii persoane, 171.3
Total, Alba, Anul 2012, Mii persoane, 178.3
Total, Alba, Anul 2013, Mii persoane, 181.8
Total, Alba, Anul 2014, Mii persoane, 172.1
Total, Alba, Anul 2015, Mii persoane, 168.6
Total, Alba, Anul 2016, Mii persoane, 168.5
Total, Alba, Anul 2017, Mii persoane, 168.3
Total, Alba, Anul 2018, Mii persoane, 168.2
Total, Alba, Anul 2019, Mii persoane, 168.5
Total, Alba, Anul 2020, Mii persoane, 169.2
Total, Alba, Anul 2021, Mii persoane, 150.7
Total, Alba, Anul 2022, Mii persoane, 157.7
Total, Alba, Anul 2023, Mii persoane, 153.7
Total, Alba, Anul 2024, Mii persoane, 152.2
Total, Brasov, Anul 1990, Mii persoane, 324.4
Total, Brasov, Anul 1991, Mii persoane, 332.5
Total, Brasov, Anul 1992, Mii persoane, 320.3
Total, Brasov, Anul 1993, Mii persoane, 317.7
Total, Brasov, Anul 1994, Mii persoane, 330.4
Total, Brasov, Anul 1995, Mii persoane, 295.4
Total, Brasov, Anul 1996, Mii persoane, 274.2
Total, Brasov, Anul 1997, Mii persoane, 289.1
Total, Brasov, Anul 1998, Mii persoane, 286.4
Total, Brasov, Anul 1999, Mii persoane, 285.7
Total, Brasov, Anul 2000, Mii persoane, 269.1
Total, Brasov, Anul 2001, Mii persoane, 262.5
Total, Brasov, Anul 2002, Mii persoane, 271.9
Total, Brasov, Anul 2003, Mii persoane, 257.7
Total, Brasov, Anul 2004, Mii persoane, 256.4
Total, Brasov, Anul 2005, Mii persoane, 248.7
Total, Brasov, Anul 2006, Mii persoane, 246
Total, Brasov, Anul 2007, Mii persoane, 249.8
Total, Brasov, Anul 2008, Mii persoane, 250.3
Total, Brasov, Anul 2009, Mii persoane, 251.3
Total, Brasov, Anul 2010, Mii persoane, 245.8
Total, Brasov, Anul 2011, Mii persoane, 241.5
Total, Brasov, Anul 2012, Mii persoane, 249.9
Total, Brasov, Anul 2013, Mii persoane, 253.5
Total, Brasov, Anul 2014, Mii persoane, 251.4
Total, Brasov, Anul 2015, Mii persoane, 253.3
Total, Brasov, Anul 2016, Mii persoane, 262.5
Total, Brasov, Anul 2017, Mii persoane, 261.5
Total, Brasov, Anul 2018, Mii persoane, 262.8
Total, Brasov, Anul 2019, Mii persoane, 262.7
Total, Brasov, Anul 2020, Mii persoane, 261.5
Total, Brasov, Anul 2021, Mii persoane, 251.7
Total, Brasov, Anul 2022, Mii persoane, 259.6
Total, Brasov, Anul 2023, Mii persoane, 258.6
Total, Brasov, Anul 2024, Mii persoane, 257.6
Total, Covasna, Anul 1990, Mii persoane, 107.2
Total, Covasna, Anul 1991, Mii persoane, 107.2
Total, Covasna, Anul 1992, Mii persoane, 107.7
Total, Covasna, Anul 1993, Mii persoane, 117.2
Total, Covasna, Anul 1994, Mii persoane, 107.2
Total, Covasna, Anul 1995, Mii persoane, 122.7
Total, Covasna, Anul 1996, Mii persoane, 102.1
Total, Covasna, Anul 1997, Mii persoane, 109.6
Total, Covasna, Anul 1998, Mii persoane, 107.4
Total, Covasna, Anul 1999, Mii persoane, 100.7
Total, Covasna, Anul 2000, Mii persoane, 101.4
Total, Covasna, Anul 2001, Mii persoane, 96.7
Total, Covasna, Anul 2002, Mii persoane, 96.3
Total, Covasna, Anul 2003, Mii persoane, 96.3
Total, Covasna, Anul 2004, Mii persoane, 94.4
Total, Covasna, Anul 2005, Mii persoane, 93.6
Total, Covasna, Anul 2006, Mii persoane, 91.8
Total, Covasna, Anul 2007, Mii persoane, 94.9
Total, Covasna, Anul 2008, Mii persoane, 93.8
Total, Covasna, Anul 2009, Mii persoane, 93.5
Total, Covasna, Anul 2010, Mii persoane, 89.7
Total, Covasna, Anul 2011, Mii persoane, 89.6
Total, Covasna, Anul 2012, Mii persoane, 91.4
Total, Covasna, Anul 2013, Mii persoane, 89.8
Total, Covasna, Anul 2014, Mii persoane, 88.7
Total, Covasna, Anul 2015, Mii persoane, 88.3
Total, Covasna, Anul 2016, Mii persoane, 86.3
Total, Covasna, Anul 2017, Mii persoane, 86
Total, Covasna, Anul 2018, Mii persoane, 85.4
Total, Covasna, Anul 2019, Mii persoane, 85.8
Total, Covasna, Anul 2020, Mii persoane, 85.2
Total, Covasna, Anul 2021, Mii persoane, 77.8
Total, Covasna, Anul 2022, Mii persoane, 80.3
Total, Covasna, Anul 2023, Mii persoane, 79.2
Total, Covasna, Anul 2024, Mii persoane, 78.2
Total, Harghita, Anul 1990, Mii persoane, 170.2
Total, Harghita, Anul 1991, Mii persoane, 169.7
Total, Harghita, Anul 1992, Mii persoane, 176.6
Total, Harghita, Anul 1993, Mii persoane, 177.3
Total, Harghita, Anul 1994, Mii persoane, 176.8
Total, Harghita, Anul 1995, Mii persoane, 169.3
Total, Harghita, Anul 1996, Mii persoane, 164.6
Total, Harghita, Anul 1997, Mii persoane, 164.4
Total, Harghita, Anul 1998, Mii persoane, 161.4
Total, Harghita, Anul 1999, Mii persoane, 157.8
Total, Harghita, Anul 2000, Mii persoane, 162.1
Total, Harghita, Anul 2001, Mii persoane, 153.3
Total, Harghita, Anul 2002, Mii persoane, 142
Total, Harghita, Anul 2003, Mii persoane, 138.5
Total, Harghita, Anul 2004, Mii persoane, 132.9
Total, Harghita, Anul 2005, Mii persoane, 137.9
Total, Harghita, Anul 2006, Mii persoane, 139.6
Total, Harghita, Anul 2007, Mii persoane, 140.3
Total, Harghita, Anul 2008, Mii persoane, 143.3
Total, Harghita, Anul 2009, Mii persoane, 144.7
Total, Harghita, Anul 2010, Mii persoane, 145.2
Total, Harghita, Anul 2011, Mii persoane, 141.2
Total, Harghita, Anul 2012, Mii persoane, 145.5
Total, Harghita, Anul 2013, Mii persoane, 144.3
Total, Harghita, Anul 2014, Mii persoane, 138.8
Total, Harghita, Anul 2015, Mii persoane, 136
Total, Harghita, Anul 2016, Mii persoane, 135.4
Total, Harghita, Anul 2017, Mii persoane, 134.9
Total, Harghita, Anul 2018, Mii persoane, 134.7
Total, Harghita, Anul 2019, Mii persoane, 135.1
Total, Harghita, Anul 2020, Mii persoane, 136
Total, Harghita, Anul 2021, Mii persoane, 118.5
Total, Harghita, Anul 2022, Mii persoane, 123.2
Total, Harghita, Anul 2023, Mii persoane, 120.1
Total, Harghita, Anul 2024, Mii persoane, 120.7
Total, Mures, Anul 1990, Mii persoane, 282.7
Total, Mures, Anul 1991, Mii persoane, 290.9
Total, Mures, Anul 1992, Mii persoane, 293
Total, Mures, Anul 1993, Mii persoane, 287.2
Total, Mures, Anul 1994, Mii persoane, 307.8
Total, Mures, Anul 1995, Mii persoane, 297.5
Total, Mures, Anul 1996, Mii persoane, 287
Total, Mures, Anul 1997, Mii persoane, 279
Total, Mures, Anul 1998, Mii persoane, 269.2
Total, Mures, Anul 1999, Mii persoane, 258.5
Total, Mures, Anul 2000, Mii persoane, 264.6
Total, Mures, Anul 2001, Mii persoane, 255.1
Total, Mures, Anul 2002, Mii persoane, 257.4
Total, Mures, Anul 2003, Mii persoane, 260.9
Total, Mures, Anul 2004, Mii persoane, 245.1
Total, Mures, Anul 2005, Mii persoane, 247.5
Total, Mures, Anul 2006, Mii persoane, 249.3
Total, Mures, Anul 2007, Mii persoane, 248.8
Total, Mures, Anul 2008, Mii persoane, 248.4
Total, Mures, Anul 2009, Mii persoane, 249.4
Total, Mures, Anul 2010, Mii persoane, 247.9
Total, Mures, Anul 2011, Mii persoane, 243.6
Total, Mures, Anul 2012, Mii persoane, 250.7
Total, Mures, Anul 2013, Mii persoane, 246.9
Total, Mures, Anul 2014, Mii persoane, 244.2
Total, Mures, Anul 2015, Mii persoane, 236.9
Total, Mures, Anul 2016, Mii persoane, 233.7
Total, Mures, Anul 2017, Mii persoane, 234.8
Total, Mures, Anul 2018, Mii persoane, 235.3
Total, Mures, Anul 2019, Mii persoane, 235.7
Total, Mures, Anul 2020, Mii persoane, 235.4
Total, Mures, Anul 2021, Mii persoane, 207.7
Total, Mures, Anul 2022, Mii persoane, 213.4
Total, Mures, Anul 2023, Mii persoane, 209.1
Total, Mures, Anul 2024, Mii persoane, 207.3
Total, Sibiu, Anul 1990, Mii persoane, 220.4
Total, Sibiu, Anul 1991, Mii persoane, 219.7
Total, Sibiu, Anul 1992, Mii persoane, 214.6
Total, Sibiu, Anul 1993, Mii persoane, 216.5
Total, Sibiu, Anul 1994, Mii persoane, 212.8
Total, Sibiu, Anul 1995, Mii persoane, 200.8
Total, Sibiu, Anul 1996, Mii persoane, 200.3
Total, Sibiu, Anul 1997, Mii persoane, 189.9
Total, Sibiu, Anul 1998, Mii persoane, 189
Total, Sibiu, Anul 1999, Mii persoane, 193.1
Total, Sibiu, Anul 2000, Mii persoane, 185
Total, Sibiu, Anul 2001, Mii persoane, 183.2
Total, Sibiu, Anul 2002, Mii persoane, 179.7
Total, Sibiu, Anul 2003, Mii persoane, 175.7
Total, Sibiu, Anul 2004, Mii persoane, 177.3
Total, Sibiu, Anul 2005, Mii persoane, 175.6
Total, Sibiu, Anul 2006, Mii persoane, 181.4
Total, Sibiu, Anul 2007, Mii persoane, 185.5
Total, Sibiu, Anul 2008, Mii persoane, 186.3
Total, Sibiu, Anul 2009, Mii persoane, 185.5
Total, Sibiu, Anul 2010, Mii persoane, 186.4
Total, Sibiu, Anul 2011, Mii persoane, 184.6
Total, Sibiu, Anul 2012, Mii persoane, 193.6
Total, Sibiu, Anul 2013, Mii persoane, 194.3
Total, Sibiu, Anul 2014, Mii persoane, 191.5
Total, Sibiu, Anul 2015, Mii persoane, 193.8
Total, Sibiu, Anul 2016, Mii persoane, 197.5
Total, Sibiu, Anul 2017, Mii persoane, 197.3
Total, Sibiu, Anul 2018, Mii persoane, 196.2
Total, Sibiu, Anul 2019, Mii persoane, 196.5
Total, Sibiu, Anul 2020, Mii persoane, 196.6
Total, Sibiu, Anul 2021, Mii persoane, 184.4
Total, Sibiu, Anul 2022, Mii persoane, 191.4
Total, Sibiu, Anul 2023, Mii persoane, 190
Total, Sibiu, Anul 2024, Mii persoane, 191.4
Total, Bacau, Anul 1990, Mii persoane, 327.6
Total, Bacau, Anul 1991, Mii persoane, 322.2
Total, Bacau, Anul 1992, Mii persoane, 333.5
Total, Bacau, Anul 1993, Mii persoane, 329.9
Total, Bacau, Anul 1994, Mii persoane, 321.7
Total, Bacau, Anul 1995, Mii persoane, 319.4
Total, Bacau, Anul 1996, Mii persoane, 319.9
Total, Bacau, Anul 1997, Mii persoane, 312.9
Total, Bacau, Anul 1998, Mii persoane, 295
Total, Bacau, Anul 1999, Mii persoane, 276.4
Total, Bacau, Anul 2000, Mii persoane, 276
Total, Bacau, Anul 2001, Mii persoane, 275.6
Total, Bacau, Anul 2002, Mii persoane, 259.7
Total, Bacau, Anul 2003, Mii persoane, 252.3
Total, Bacau, Anul 2004, Mii persoane, 242.4
Total, Bacau, Anul 2005, Mii persoane, 239.9
Total, Bacau, Anul 2006, Mii persoane, 238
Total, Bacau, Anul 2007, Mii persoane, 235.6
Total, Bacau, Anul 2008, Mii persoane, 236.1
Total, Bacau, Anul 2009, Mii persoane, 235
Total, Bacau, Anul 2010, Mii persoane, 226.4
Total, Bacau, Anul 2011, Mii persoane, 222.1
Total, Bacau, Anul 2012, Mii persoane, 227.9
Total, Bacau, Anul 2013, Mii persoane, 224.4
Total, Bacau, Anul 2014, Mii persoane, 219
Total, Bacau, Anul 2015, Mii persoane, 215.5
Total, Bacau, Anul 2016, Mii persoane, 211.4
Total, Bacau, Anul 2017, Mii persoane, 211.7
Total, Bacau, Anul 2018, Mii persoane, 212
Total, Bacau, Anul 2019, Mii persoane, 213.2
Total, Bacau, Anul 2020, Mii persoane, 215
Total, Bacau, Anul 2021, Mii persoane, 185.5
Total, Bacau, Anul 2022, Mii persoane, 189.8
Total, Bacau, Anul 2023, Mii persoane, 188.2
Total, Bacau, Anul 2024, Mii persoane, 189.5
Total, Botosani, Anul 1990, Mii persoane, 208.3
Total, Botosani, Anul 1991, Mii persoane, 213.5
Total, Botosani, Anul 1992, Mii persoane, 223.2
Total, Botosani, Anul 1993, Mii persoane, 233.8
Total, Botosani, Anul 1994, Mii persoane, 229
Total, Botosani, Anul 1995, Mii persoane, 211.4
Total, Botosani, Anul 1996, Mii persoane, 201.8
Total, Botosani, Anul 1997, Mii persoane, 200.5
Total, Botosani, Anul 1998, Mii persoane, 200
Total, Botosani, Anul 1999, Mii persoane, 212.6
Total, Botosani, Anul 2000, Mii persoane, 210.6
Total, Botosani, Anul 2001, Mii persoane, 195.2
Total, Botosani, Anul 2002, Mii persoane, 180.7
Total, Botosani, Anul 2003, Mii persoane, 171.4
Total, Botosani, Anul 2004, Mii persoane, 165.4
Total, Botosani, Anul 2005, Mii persoane, 163.4
Total, Botosani, Anul 2006, Mii persoane, 159.8
Total, Botosani, Anul 2007, Mii persoane, 159.9
Total, Botosani, Anul 2008, Mii persoane, 154.8
Total, Botosani, Anul 2009, Mii persoane, 156.9
Total, Botosani, Anul 2010, Mii persoane, 154.8
Total, Botosani, Anul 2011, Mii persoane, 152.7
Total, Botosani, Anul 2012, Mii persoane, 157.8
Total, Botosani, Anul 2013, Mii persoane, 156.9
Total, Botosani, Anul 2014, Mii persoane, 152.7
Total, Botosani, Anul 2015, Mii persoane, 146.6
Total, Botosani, Anul 2016, Mii persoane, 139.6
Total, Botosani, Anul 2017, Mii persoane, 136.6
Total, Botosani, Anul 2018, Mii persoane, 136.4
Total, Botosani, Anul 2019, Mii persoane, 137.3
Total, Botosani, Anul 2020, Mii persoane, 136.7
Total, Botosani, Anul 2021, Mii persoane, 107.7
Total, Botosani, Anul 2022, Mii persoane, 111.6
Total, Botosani, Anul 2023, Mii persoane, 110
Total, Botosani, Anul 2024, Mii persoane, 109.9
Total, Iasi, Anul 1990, Mii persoane, 363.2
Total, Iasi, Anul 1991, Mii persoane, 380.6
Total, Iasi, Anul 1992, Mii persoane, 386.6
Total, Iasi, Anul 1993, Mii persoane, 381.5
Total, Iasi, Anul 1994, Mii persoane, 411.4
Total, Iasi, Anul 1995, Mii persoane, 392.5
Total, Iasi, Anul 1996, Mii persoane, 363.8
Total, Iasi, Anul 1997, Mii persoane, 341.9
Total, Iasi, Anul 1998, Mii persoane, 354.7
Total, Iasi, Anul 1999, Mii persoane, 353
Total, Iasi, Anul 2000, Mii persoane, 357
Total, Iasi, Anul 2001, Mii persoane, 349.1
Total, Iasi, Anul 2002, Mii persoane, 335.3
Total, Iasi, Anul 2003, Mii persoane, 329.5
Total, Iasi, Anul 2004, Mii persoane, 312.8
Total, Iasi, Anul 2005, Mii persoane, 319.5
Total, Iasi, Anul 2006, Mii persoane, 311.9
Total, Iasi, Anul 2007, Mii persoane, 315.3
Total, Iasi, Anul 2008, Mii persoane, 312.7
Total, Iasi, Anul 2009, Mii persoane, 309.2
Total, Iasi, Anul 2010, Mii persoane, 307.2
Total, Iasi, Anul 2011, Mii persoane, 296
Total, Iasi, Anul 2012, Mii persoane, 302.6
Total, Iasi, Anul 2013, Mii persoane, 301.4
Total, Iasi, Anul 2014, Mii persoane, 294.9
Total, Iasi, Anul 2015, Mii persoane, 290.4
Total, Iasi, Anul 2016, Mii persoane, 289.2
Total, Iasi, Anul 2017, Mii persoane, 294.7
Total, Iasi, Anul 2018, Mii persoane, 296.3
Total, Iasi, Anul 2019, Mii persoane, 297.3
Total, Iasi, Anul 2020, Mii persoane, 298.1
Total, Iasi, Anul 2021, Mii persoane, 268.1
Total, Iasi, Anul 2022, Mii persoane, 275.9
Total, Iasi, Anul 2023, Mii persoane, 276.6
Total, Iasi, Anul 2024, Mii persoane, 279.5
Total, Neamt, Anul 1990, Mii persoane, 277.7
Total, Neamt, Anul 1991, Mii persoane, 288.5
Total, Neamt, Anul 1992, Mii persoane, 299.1
Total, Neamt, Anul 1993, Mii persoane, 295.4
Total, Neamt, Anul 1994, Mii persoane, 294.6
Total, Neamt, Anul 1995, Mii persoane, 284.5
Total, Neamt, Anul 1996, Mii persoane, 272.8
Total, Neamt, Anul 1997, Mii persoane, 266.4
Total, Neamt, Anul 1998, Mii persoane, 265.3
Total, Neamt, Anul 1999, Mii persoane, 265.7
Total, Neamt, Anul 2000, Mii persoane, 269.7
Total, Neamt, Anul 2001, Mii persoane, 260.2
Total, Neamt, Anul 2002, Mii persoane, 230.9
Total, Neamt, Anul 2003, Mii persoane, 220.9
Total, Neamt, Anul 2004, Mii persoane, 214.8
Total, Neamt, Anul 2005, Mii persoane, 212.8
Total, Neamt, Anul 2006, Mii persoane, 206.1
Total, Neamt, Anul 2007, Mii persoane, 204.2
Total, Neamt, Anul 2008, Mii persoane, 202
Total, Neamt, Anul 2009, Mii persoane, 204.4
Total, Neamt, Anul 2010, Mii persoane, 206.9
Total, Neamt, Anul 2011, Mii persoane, 196.8
Total, Neamt, Anul 2012, Mii persoane, 203.9
Total, Neamt, Anul 2013, Mii persoane, 200.7
Total, Neamt, Anul 2014, Mii persoane, 197.5
Total, Neamt, Anul 2015, Mii persoane, 190.3
Total, Neamt, Anul 2016, Mii persoane, 182.4
Total, Neamt, Anul 2017, Mii persoane, 180.5
Total, Neamt, Anul 2018, Mii persoane, 181.4
Total, Neamt, Anul 2019, Mii persoane, 182
Total, Neamt, Anul 2020, Mii persoane, 181.3
Total, Neamt, Anul 2021, Mii persoane, 150.5
Total, Neamt, Anul 2022, Mii persoane, 154.9
Total, Neamt, Anul 2023, Mii persoane, 151.8
Total, Neamt, Anul 2024, Mii persoane, 153.1
Total, Suceava, Anul 1990, Mii persoane, 340
Total, Suceava, Anul 1991, Mii persoane, 339.7
Total, Suceava, Anul 1992, Mii persoane, 348.8
Total, Suceava, Anul 1993, Mii persoane, 335.7
Total, Suceava, Anul 1994, Mii persoane, 350.4
Total, Suceava, Anul 1995, Mii persoane, 322.8
Total, Suceava, Anul 1996, Mii persoane, 319.7
Total, Suceava, Anul 1997, Mii persoane, 318.6
Total, Suceava, Anul 1998, Mii persoane, 315.8
Total, Suceava, Anul 1999, Mii persoane, 316.3
Total, Suceava, Anul 2000, Mii persoane, 311.2
Total, Suceava, Anul 2001, Mii persoane, 296.9
Total, Suceava, Anul 2002, Mii persoane, 284
Total, Suceava, Anul 2003, Mii persoane, 273
Total, Suceava, Anul 2004, Mii persoane, 263.4
Total, Suceava, Anul 2005, Mii persoane, 259
Total, Suceava, Anul 2006, Mii persoane, 251
Total, Suceava, Anul 2007, Mii persoane, 253
Total, Suceava, Anul 2008, Mii persoane, 252.5
Total, Suceava, Anul 2009, Mii persoane, 254.1
Total, Suceava, Anul 2010, Mii persoane, 257.3
Total, Suceava, Anul 2011, Mii persoane, 244.6
Total, Suceava, Anul 2012, Mii persoane, 251.8
Total, Suceava, Anul 2013, Mii persoane, 249.8
Total, Suceava, Anul 2014, Mii persoane, 246.4
Total, Suceava, Anul 2015, Mii persoane, 237.7
Total, Suceava, Anul 2016, Mii persoane, 231.9
Total, Suceava, Anul 2017, Mii persoane, 229.5
Total, Suceava, Anul 2018, Mii persoane, 231.6
Total, Suceava, Anul 2019, Mii persoane, 231.6
Total, Suceava, Anul 2020, Mii persoane, 229.9
Total, Suceava, Anul 2021, Mii persoane, 191.4
Total, Suceava, Anul 2022, Mii persoane, 196.3
Total, Suceava, Anul 2023, Mii persoane, 195.9
Total, Suceava, Anul 2024, Mii persoane, 197
Total, Vaslui, Anul 1990, Mii persoane, 202.4
Total, Vaslui, Anul 1991, Mii persoane, 218.6
Total, Vaslui, Anul 1992, Mii persoane, 221
Total, Vaslui, Anul 1993, Mii persoane, 237.5
Total, Vaslui, Anul 1994, Mii persoane, 243.5
Total, Vaslui, Anul 1995, Mii persoane, 202.8
Total, Vaslui, Anul 1996, Mii persoane, 195.6
Total, Vaslui, Anul 1997, Mii persoane, 204.3
Total, Vaslui, Anul 1998, Mii persoane, 204.5
Total, Vaslui, Anul 1999, Mii persoane, 202.2
Total, Vaslui, Anul 2000, Mii persoane, 198.2
Total, Vaslui, Anul 2001, Mii persoane, 191
Total, Vaslui, Anul 2002, Mii persoane, 177.1
Total, Vaslui, Anul 2003, Mii persoane, 171.1
Total, Vaslui, Anul 2004, Mii persoane, 160.7
Total, Vaslui, Anul 2005, Mii persoane, 163.3
Total, Vaslui, Anul 2006, Mii persoane, 162.3
Total, Vaslui, Anul 2007, Mii persoane, 161.5
Total, Vaslui, Anul 2008, Mii persoane, 161.3
Total, Vaslui, Anul 2009, Mii persoane, 162.6
Total, Vaslui, Anul 2010, Mii persoane, 156.9
Total, Vaslui, Anul 2011, Mii persoane, 153.8
Total, Vaslui, Anul 2012, Mii persoane, 158.9
Total, Vaslui, Anul 2013, Mii persoane, 155.8
Total, Vaslui, Anul 2014, Mii persoane, 152.6
Total, Vaslui, Anul 2015, Mii persoane, 146.7
Total, Vaslui, Anul 2016, Mii persoane, 139.8
Total, Vaslui, Anul 2017, Mii persoane, 137.6
Total, Vaslui, Anul 2018, Mii persoane, 134.7
Total, Vaslui, Anul 2019, Mii persoane, 133.5
Total, Vaslui, Anul 2020, Mii persoane, 131.2
Total, Vaslui, Anul 2021, Mii persoane, 106
Total, Vaslui, Anul 2022, Mii persoane, 108.5
Total, Vaslui, Anul 2023, Mii persoane, 107.3
Total, Vaslui, Anul 2024, Mii persoane, 108.7
Total, Braila, Anul 1990, Mii persoane, 183.2
Total, Braila, Anul 1991, Mii persoane, 188
Total, Braila, Anul 1992, Mii persoane, 197.4
Total, Braila, Anul 1993, Mii persoane, 183.9
Total, Braila, Anul 1994, Mii persoane, 186.1
Total, Braila, Anul 1995, Mii persoane, 170.8
Total, Braila, Anul 1996, Mii persoane, 162.9
Total, Braila, Anul 1997, Mii persoane, 156
Total, Braila, Anul 1998, Mii persoane, 161.1
Total, Braila, Anul 1999, Mii persoane, 157.1
Total, Braila, Anul 2000, Mii persoane, 170.3
Total, Braila, Anul 2001, Mii persoane, 146.7
Total, Braila, Anul 2002, Mii persoane, 141.8
Total, Braila, Anul 2003, Mii persoane, 135.8
Total, Braila, Anul 2004, Mii persoane, 133.4
Total, Braila, Anul 2005, Mii persoane, 135.3
Total, Braila, Anul 2006, Mii persoane, 135.2
Total, Braila, Anul 2007, Mii persoane, 137.5
Total, Braila, Anul 2008, Mii persoane, 138.3
Total, Braila, Anul 2009, Mii persoane, 138.2
Total, Braila, Anul 2010, Mii persoane, 134.8
Total, Braila, Anul 2011, Mii persoane, 130.6
Total, Braila, Anul 2012, Mii persoane, 132.4
Total, Braila, Anul 2013, Mii persoane, 131.5
Total, Braila, Anul 2014, Mii persoane, 129.2
Total, Braila, Anul 2015, Mii persoane, 126.8
Total, Braila, Anul 2016, Mii persoane, 124.4
Total, Braila, Anul 2017, Mii persoane, 125.6
Total, Braila, Anul 2018, Mii persoane, 123
Total, Braila, Anul 2019, Mii persoane, 122.2
Total, Braila, Anul 2020, Mii persoane, 121.9
Total, Braila, Anul 2021, Mii persoane, 107.6
Total, Braila, Anul 2022, Mii persoane, 110.1
Total, Braila, Anul 2023, Mii persoane, 107.9
Total, Braila, Anul 2024, Mii persoane, 106.3
Total, Buzau, Anul 1990, Mii persoane, 246.6
Total, Buzau, Anul 1991, Mii persoane, 259.2
Total, Buzau, Anul 1992, Mii persoane, 268.8
Total, Buzau, Anul 1993, Mii persoane, 271.7
Total, Buzau, Anul 1994, Mii persoane, 254.6
Total, Buzau, Anul 1995, Mii persoane, 226
Total, Buzau, Anul 1996, Mii persoane, 222.3
Total, Buzau, Anul 1997, Mii persoane, 230.1
Total, Buzau, Anul 1998, Mii persoane, 215.9
Total, Buzau, Anul 1999, Mii persoane, 223.9
Total, Buzau, Anul 2000, Mii persoane, 216
Total, Buzau, Anul 2001, Mii persoane, 218.1
Total, Buzau, Anul 2002, Mii persoane, 199.2
Total, Buzau, Anul 2003, Mii persoane, 200
Total, Buzau, Anul 2004, Mii persoane, 195
Total, Buzau, Anul 2005, Mii persoane, 194.9
Total, Buzau, Anul 2006, Mii persoane, 194.5
Total, Buzau, Anul 2007, Mii persoane, 192.5
Total, Buzau, Anul 2008, Mii persoane, 189.5
Total, Buzau, Anul 2009, Mii persoane, 191.5
Total, Buzau, Anul 2010, Mii persoane, 192.8
Total, Buzau, Anul 2011, Mii persoane, 188.4
Total, Buzau, Anul 2012, Mii persoane, 191.4
Total, Buzau, Anul 2013, Mii persoane, 191.9
Total, Buzau, Anul 2014, Mii persoane, 190.2
Total, Buzau, Anul 2015, Mii persoane, 184.7
Total, Buzau, Anul 2016, Mii persoane, 174.7
Total, Buzau, Anul 2017, Mii persoane, 173.1
Total, Buzau, Anul 2018, Mii persoane, 171.7
Total, Buzau, Anul 2019, Mii persoane, 171.7
Total, Buzau, Anul 2020, Mii persoane, 171.2
Total, Buzau, Anul 2021, Mii persoane, 141.9
Total, Buzau, Anul 2022, Mii persoane, 145.4
Total, Buzau, Anul 2023, Mii persoane, 143.3
Total, Buzau, Anul 2024, Mii persoane, 140.6
Total, Constanta, Anul 1990, Mii persoane, 345.1
Total, Constanta, Anul 1991, Mii persoane, 371.5
Total, Constanta, Anul 1992, Mii persoane, 376.8
Total, Constanta, Anul 1993, Mii persoane, 378.8
Total, Constanta, Anul 1994, Mii persoane, 369.4
Total, Constanta, Anul 1995, Mii persoane, 343.2
Total, Constanta, Anul 1996, Mii persoane, 320.7
Total, Constanta, Anul 1997, Mii persoane, 332.6
Total, Constanta, Anul 1998, Mii persoane, 311.5
Total, Constanta, Anul 1999, Mii persoane, 311.6
Total, Constanta, Anul 2000, Mii persoane, 306.1
Total, Constanta, Anul 2001, Mii persoane, 303.9
Total, Constanta, Anul 2002, Mii persoane, 300.3
Total, Constanta, Anul 2003, Mii persoane, 296.8
Total, Constanta, Anul 2004, Mii persoane, 302.7
Total, Constanta, Anul 2005, Mii persoane, 303.9
Total, Constanta, Anul 2006, Mii persoane, 307.8
Total, Constanta, Anul 2007, Mii persoane, 313.7
Total, Constanta, Anul 2008, Mii persoane, 318.6
Total, Constanta, Anul 2009, Mii persoane, 315.9
Total, Constanta, Anul 2010, Mii persoane, 309.5
Total, Constanta, Anul 2011, Mii persoane, 300.4
Total, Constanta, Anul 2012, Mii persoane, 309
Total, Constanta, Anul 2013, Mii persoane, 308.6
Total, Constanta, Anul 2014, Mii persoane, 303.6
Total, Constanta, Anul 2015, Mii persoane, 300.1
Total, Constanta, Anul 2016, Mii persoane, 296.6
Total, Constanta, Anul 2017, Mii persoane, 293.4
Total, Constanta, Anul 2018, Mii persoane, 292.4
Total, Constanta, Anul 2019, Mii persoane, 294.7
Total, Constanta, Anul 2020, Mii persoane, 295.5
Total, Constanta, Anul 2021, Mii persoane, 272.7
Total, Constanta, Anul 2022, Mii persoane, 279.9
Total, Constanta, Anul 2023, Mii persoane, 276.5
Total, Constanta, Anul 2024, Mii persoane, 273.6
Total, Galati, Anul 1990, Mii persoane, 291.6
Total, Galati, Anul 1991, Mii persoane, 303.6
Total, Galati, Anul 1992, Mii persoane, 317.5
Total, Galati, Anul 1993, Mii persoane, 305.5
Total, Galati, Anul 1994, Mii persoane, 308.6
Total, Galati, Anul 1995, Mii persoane, 306.7
Total, Galati, Anul 1996, Mii persoane, 290.1
Total, Galati, Anul 1997, Mii persoane, 282.3
Total, Galati, Anul 1998, Mii persoane, 288.9
Total, Galati, Anul 1999, Mii persoane, 276
Total, Galati, Anul 2000, Mii persoane, 265.7
Total, Galati, Anul 2001, Mii persoane, 253
Total, Galati, Anul 2002, Mii persoane, 242.4
Total, Galati, Anul 2003, Mii persoane, 229.1
Total, Galati, Anul 2004, Mii persoane, 226.4
Total, Galati, Anul 2005, Mii persoane, 222.9
Total, Galati, Anul 2006, Mii persoane, 218.8
Total, Galati, Anul 2007, Mii persoane, 219.1
Total, Galati, Anul 2008, Mii persoane, 220.8
Total, Galati, Anul 2009, Mii persoane, 216.4
Total, Galati, Anul 2010, Mii persoane, 204.9
Total, Galati, Anul 2011, Mii persoane, 197.6
Total, Galati, Anul 2012, Mii persoane, 204
Total, Galati, Anul 2013, Mii persoane, 205.1
Total, Galati, Anul 2014, Mii persoane, 202.7
Total, Galati, Anul 2015, Mii persoane, 198.4
Total, Galati, Anul 2016, Mii persoane, 194
Total, Galati, Anul 2017, Mii persoane, 192.2
Total, Galati, Anul 2018, Mii persoane, 190.2
Total, Galati, Anul 2019, Mii persoane, 190
Total, Galati, Anul 2020, Mii persoane, 188
Total, Galati, Anul 2021, Mii persoane, 165.8
Total, Galati, Anul 2022, Mii persoane, 168.3
Total, Galati, Anul 2023, Mii persoane, 165.9
Total, Galati, Anul 2024, Mii persoane, 165.6
Total, Tulcea, Anul 1990, Mii persoane, 127.3
Total, Tulcea, Anul 1991, Mii persoane, 124.3
Total, Tulcea, Anul 1992, Mii persoane, 129.8
Total, Tulcea, Anul 1993, Mii persoane, 121.9
Total, Tulcea, Anul 1994, Mii persoane, 125.1
Total, Tulcea, Anul 1995, Mii persoane, 125.9
Total, Tulcea, Anul 1996, Mii persoane, 119
Total, Tulcea, Anul 1997, Mii persoane, 105.8
Total, Tulcea, Anul 1998, Mii persoane, 109.7
Total, Tulcea, Anul 1999, Mii persoane, 103.9
Total, Tulcea, Anul 2000, Mii persoane, 105.3
Total, Tulcea, Anul 2001, Mii persoane, 102.4
Total, Tulcea, Anul 2002, Mii persoane, 95.5
Total, Tulcea, Anul 2003, Mii persoane, 97.7
Total, Tulcea, Anul 2004, Mii persoane, 91.9
Total, Tulcea, Anul 2005, Mii persoane, 93.1
Total, Tulcea, Anul 2006, Mii persoane, 92.2
Total, Tulcea, Anul 2007, Mii persoane, 91.6
Total, Tulcea, Anul 2008, Mii persoane, 90.8
Total, Tulcea, Anul 2009, Mii persoane, 90.6
Total, Tulcea, Anul 2010, Mii persoane, 87.2
Total, Tulcea, Anul 2011, Mii persoane, 84.9
Total, Tulcea, Anul 2012, Mii persoane, 89.7
Total, Tulcea, Anul 2013, Mii persoane, 88.1
Total, Tulcea, Anul 2014, Mii persoane, 87.3
Total, Tulcea, Anul 2015, Mii persoane, 85.6
Total, Tulcea, Anul 2016, Mii persoane, 84.1
Total, Tulcea, Anul 2017, Mii persoane, 84.5
Total, Tulcea, Anul 2018, Mii persoane, 82.2
Total, Tulcea, Anul 2019, Mii persoane, 82.8
Total, Tulcea, Anul 2020, Mii persoane, 82.7
Total, Tulcea, Anul 2021, Mii persoane, 72.5
Total, Tulcea, Anul 2022, Mii persoane, 73.7
Total, Tulcea, Anul 2023, Mii persoane, 72.5
Total, Tulcea, Anul 2024, Mii persoane, 73.6
Total, Vrancea, Anul 1990, Mii persoane, 181.7
Total, Vrancea, Anul 1991, Mii persoane, 186.3
Total, Vrancea, Anul 1992, Mii persoane, 193.9
Total, Vrancea, Anul 1993, Mii persoane, 194.2
Total, Vrancea, Anul 1994, Mii persoane, 190
Total, Vrancea, Anul 1995, Mii persoane, 195.3
Total, Vrancea, Anul 1996, Mii persoane, 185.4
Total, Vrancea, Anul 1997, Mii persoane, 166.9
Total, Vrancea, Anul 1998, Mii persoane, 165.6
Total, Vrancea, Anul 1999, Mii persoane, 165.1
Total, Vrancea, Anul 2000, Mii persoane, 166.9
Total, Vrancea, Anul 2001, Mii persoane, 163.4
Total, Vrancea, Anul 2002, Mii persoane, 156
Total, Vrancea, Anul 2003, Mii persoane, 152.5
Total, Vrancea, Anul 2004, Mii persoane, 147.9
Total, Vrancea, Anul 2005, Mii persoane, 148.5
Total, Vrancea, Anul 2006, Mii persoane, 148.5
Total, Vrancea, Anul 2007, Mii persoane, 150.7
Total, Vrancea, Anul 2008, Mii persoane, 151.3
Total, Vrancea, Anul 2009, Mii persoane, 151.5
Total, Vrancea, Anul 2010, Mii persoane, 153.6
Total, Vrancea, Anul 2011, Mii persoane, 148.8
Total, Vrancea, Anul 2012, Mii persoane, 154
Total, Vrancea, Anul 2013, Mii persoane, 150.8
Total, Vrancea, Anul 2014, Mii persoane, 146.6
Total, Vrancea, Anul 2015, Mii persoane, 142.3
Total, Vrancea, Anul 2016, Mii persoane, 138.9
Total, Vrancea, Anul 2017, Mii persoane, 137.3
Total, Vrancea, Anul 2018, Mii persoane, 135.9
Total, Vrancea, Anul 2019, Mii persoane, 136.4
Total, Vrancea, Anul 2020, Mii persoane, 136.4
Total, Vrancea, Anul 2021, Mii persoane, 113.2
Total, Vrancea, Anul 2022, Mii persoane, 115.9
Total, Vrancea, Anul 2023, Mii persoane, 112.1
Total, Vrancea, Anul 2024, Mii persoane, 109.4
Total, Arges, Anul 1990, Mii persoane, 341.2
Total, Arges, Anul 1991, Mii persoane, 349.2
Total, Arges, Anul 1992, Mii persoane, 352.4
Total, Arges, Anul 1993, Mii persoane, 349.2
Total, Arges, Anul 1994, Mii persoane, 343.5
Total, Arges, Anul 1995, Mii persoane, 327.7
Total, Arges, Anul 1996, Mii persoane, 318.3
Total, Arges, Anul 1997, Mii persoane, 304.3
Total, Arges, Anul 1998, Mii persoane, 310
Total, Arges, Anul 1999, Mii persoane, 310
Total, Arges, Anul 2000, Mii persoane, 305.9
Total, Arges, Anul 2001, Mii persoane, 290
Total, Arges, Anul 2002, Mii persoane, 281.9
Total, Arges, Anul 2003, Mii persoane, 273.6
Total, Arges, Anul 2004, Mii persoane, 270.3
Total, Arges, Anul 2005, Mii persoane, 266.5
Total, Arges, Anul 2006, Mii persoane, 265.2
Total, Arges, Anul 2007, Mii persoane, 272.7
Total, Arges, Anul 2008, Mii persoane, 269.1
Total, Arges, Anul 2009, Mii persoane, 266.8
Total, Arges, Anul 2010, Mii persoane, 260.6
Total, Arges, Anul 2011, Mii persoane, 256.2
Total, Arges, Anul 2012, Mii persoane, 265.7
Total, Arges, Anul 2013, Mii persoane, 265.3
Total, Arges, Anul 2014, Mii persoane, 259.1
Total, Arges, Anul 2015, Mii persoane, 256.5
Total, Arges, Anul 2016, Mii persoane, 256.7
Total, Arges, Anul 2017, Mii persoane, 260
Total, Arges, Anul 2018, Mii persoane, 259.6
Total, Arges, Anul 2019, Mii persoane, 258.9
Total, Arges, Anul 2020, Mii persoane, 255.8
Total, Arges, Anul 2021, Mii persoane, 226.9
Total, Arges, Anul 2022, Mii persoane, 233.5
Total, Arges, Anul 2023, Mii persoane, 231.7
Total, Arges, Anul 2024, Mii persoane, 229.1
Total, Calarasi, Anul 1990, Mii persoane, 148.9
Total, Calarasi, Anul 1991, Mii persoane, 154.4
Total, Calarasi, Anul 1992, Mii persoane, 157.5
Total, Calarasi, Anul 1993, Mii persoane, 158.5
Total, Calarasi, Anul 1994, Mii persoane, 144.3
Total, Calarasi, Anul 1995, Mii persoane, 139.6
Total, Calarasi, Anul 1996, Mii persoane, 127.7
Total, Calarasi, Anul 1997, Mii persoane, 131.1
Total, Calarasi, Anul 1998, Mii persoane, 135.4
Total, Calarasi, Anul 1999, Mii persoane, 127.2
Total, Calarasi, Anul 2000, Mii persoane, 128.6
Total, Calarasi, Anul 2001, Mii persoane, 121.6
Total, Calarasi, Anul 2002, Mii persoane, 113
Total, Calarasi, Anul 2003, Mii persoane, 110
Total, Calarasi, Anul 2004, Mii persoane, 110
Total, Calarasi, Anul 2005, Mii persoane, 111.6
Total, Calarasi, Anul 2006, Mii persoane, 108.8
Total, Calarasi, Anul 2007, Mii persoane, 106.5
Total, Calarasi, Anul 2008, Mii persoane, 106.8
Total, Calarasi, Anul 2009, Mii persoane, 106.7
Total, Calarasi, Anul 2010, Mii persoane, 109.8
Total, Calarasi, Anul 2011, Mii persoane, 105.9
Total, Calarasi, Anul 2012, Mii persoane, 108.8
Total, Calarasi, Anul 2013, Mii persoane, 107.6
Total, Calarasi, Anul 2014, Mii persoane, 104.4
Total, Calarasi, Anul 2015, Mii persoane, 99
Total, Calarasi, Anul 2016, Mii persoane, 94.2
Total, Calarasi, Anul 2017, Mii persoane, 91
Total, Calarasi, Anul 2018, Mii persoane, 90.8
Total, Calarasi, Anul 2019, Mii persoane, 91.3
Total, Calarasi, Anul 2020, Mii persoane, 90.3
Total, Calarasi, Anul 2021, Mii persoane, 73.3
Total, Calarasi, Anul 2022, Mii persoane, 76.3
Total, Calarasi, Anul 2023, Mii persoane, 76.3
Total, Calarasi, Anul 2024, Mii persoane, 77.9
Total, Dambovita, Anul 1990, Mii persoane, 261.7
Total, Dambovita, Anul 1991, Mii persoane, 274.1
Total, Dambovita, Anul 1992, Mii persoane, 271.9
Total, Dambovita, Anul 1993, Mii persoane, 284.3
Total, Dambovita, Anul 1994, Mii persoane, 272.2
Total, Dambovita, Anul 1995, Mii persoane, 232.3
Total, Dambovita, Anul 1996, Mii persoane, 237.8
Total, Dambovita, Anul 1997, Mii persoane, 244.8
Total, Dambovita, Anul 1998, Mii persoane, 238.6
Total, Dambovita, Anul 1999, Mii persoane, 236
Total, Dambovita, Anul 2000, Mii persoane, 233.1
Total, Dambovita, Anul 2001, Mii persoane, 225.9
Total, Dambovita, Anul 2002, Mii persoane, 223
Total, Dambovita, Anul 2003, Mii persoane, 213.2
Total, Dambovita, Anul 2004, Mii persoane, 213.7
Total, Dambovita, Anul 2005, Mii persoane, 214.9
Total, Dambovita, Anul 2006, Mii persoane, 211.4
Total, Dambovita, Anul 2007, Mii persoane, 214.2
Total, Dambovita, Anul 2008, Mii persoane, 210.2
Total, Dambovita, Anul 2009, Mii persoane, 211.1
Total, Dambovita, Anul 2010, Mii persoane, 211.5
Total, Dambovita, Anul 2011, Mii persoane, 206.7
Total, Dambovita, Anul 2012, Mii persoane, 212.8
Total, Dambovita, Anul 2013, Mii persoane, 210.7
Total, Dambovita, Anul 2014, Mii persoane, 204.6
Total, Dambovita, Anul 2015, Mii persoane, 198.9
Total, Dambovita, Anul 2016, Mii persoane, 193.9
Total, Dambovita, Anul 2017, Mii persoane, 191.5
Total, Dambovita, Anul 2018, Mii persoane, 192.1
Total, Dambovita, Anul 2019, Mii persoane, 192.5
Total, Dambovita, Anul 2020, Mii persoane, 193.5
Total, Dambovita, Anul 2021, Mii persoane, 164.4
Total, Dambovita, Anul 2022, Mii persoane, 170.4
Total, Dambovita, Anul 2023, Mii persoane, 163
Total, Dambovita, Anul 2024, Mii persoane, 157.2
Total, Giurgiu, Anul 1990, Mii persoane, 124.8
Total, Giurgiu, Anul 1991, Mii persoane, 127.6
Total, Giurgiu, Anul 1992, Mii persoane, 130.9
Total, Giurgiu, Anul 1993, Mii persoane, 132.3
Total, Giurgiu, Anul 1994, Mii persoane, 126.8
Total, Giurgiu, Anul 1995, Mii persoane, 115
Total, Giurgiu, Anul 1996, Mii persoane, 112.9
Total, Giurgiu, Anul 1997, Mii persoane, 113.9
Total, Giurgiu, Anul 1998, Mii persoane, 108
Total, Giurgiu, Anul 1999, Mii persoane, 110.7
Total, Giurgiu, Anul 2000, Mii persoane, 110.8
Total, Giurgiu, Anul 2001, Mii persoane, 107.2
Total, Giurgiu, Anul 2002, Mii persoane, 98.4
Total, Giurgiu, Anul 2003, Mii persoane, 97.4
Total, Giurgiu, Anul 2004, Mii persoane, 94
Total, Giurgiu, Anul 2005, Mii persoane, 93.4
Total, Giurgiu, Anul 2006, Mii persoane, 91.1
Total, Giurgiu, Anul 2007, Mii persoane, 91.7
Total, Giurgiu, Anul 2008, Mii persoane, 92.2
Total, Giurgiu, Anul 2009, Mii persoane, 93.2
Total, Giurgiu, Anul 2010, Mii persoane, 93.1
Total, Giurgiu, Anul 2011, Mii persoane, 92.8
Total, Giurgiu, Anul 2012, Mii persoane, 95.4
Total, Giurgiu, Anul 2013, Mii persoane, 93.7
Total, Giurgiu, Anul 2014, Mii persoane, 93.1
Total, Giurgiu, Anul 2015, Mii persoane, 87.7
Total, Giurgiu, Anul 2016, Mii persoane, 83
Total, Giurgiu, Anul 2017, Mii persoane, 82
Total, Giurgiu, Anul 2018, Mii persoane, 81.3
Total, Giurgiu, Anul 2019, Mii persoane, 80.4
Total, Giurgiu, Anul 2020, Mii persoane, 80.8
Total, Giurgiu, Anul 2021, Mii persoane, 64.5
Total, Giurgiu, Anul 2022, Mii persoane, 66.6
Total, Giurgiu, Anul 2023, Mii persoane, 67.6
Total, Giurgiu, Anul 2024, Mii persoane, 68.4
Total, Ialomita, Anul 1990, Mii persoane, 131.5
Total, Ialomita, Anul 1991, Mii persoane, 136.4
Total, Ialomita, Anul 1992, Mii persoane, 143.2
Total, Ialomita, Anul 1993, Mii persoane, 145.7
Total, Ialomita, Anul 1994, Mii persoane, 140.5
Total, Ialomita, Anul 1995, Mii persoane, 131.9
Total, Ialomita, Anul 1996, Mii persoane, 129.1
Total, Ialomita, Anul 1997, Mii persoane, 129.9
Total, Ialomita, Anul 1998, Mii persoane, 123
Total, Ialomita, Anul 1999, Mii persoane, 121.9
Total, Ialomita, Anul 2000, Mii persoane, 117.9
Total, Ialomita, Anul 2001, Mii persoane, 118.1
Total, Ialomita, Anul 2002, Mii persoane, 113.1
Total, Ialomita, Anul 2003, Mii persoane, 110.4
Total, Ialomita, Anul 2004, Mii persoane, 107.6
Total, Ialomita, Anul 2005, Mii persoane, 109.7
Total, Ialomita, Anul 2006, Mii persoane, 107.2
Total, Ialomita, Anul 2007, Mii persoane, 108.1
Total, Ialomita, Anul 2008, Mii persoane, 105.3
Total, Ialomita, Anul 2009, Mii persoane, 109.7
Total, Ialomita, Anul 2010, Mii persoane, 106
Total, Ialomita, Anul 2011, Mii persoane, 103.9
Total, Ialomita, Anul 2012, Mii persoane, 107.2
Total, Ialomita, Anul 2013, Mii persoane, 105.7
Total, Ialomita, Anul 2014, Mii persoane, 104.3
Total, Ialomita, Anul 2015, Mii persoane, 98.6
Total, Ialomita, Anul 2016, Mii persoane, 96.2
Total, Ialomita, Anul 2017, Mii persoane, 94.6
Total, Ialomita, Anul 2018, Mii persoane, 93.5
Total, Ialomita, Anul 2019, Mii persoane, 93.8
Total, Ialomita, Anul 2020, Mii persoane, 93.2
Total, Ialomita, Anul 2021, Mii persoane, 78
Total, Ialomita, Anul 2022, Mii persoane, 79.5
Total, Ialomita, Anul 2023, Mii persoane, 78.3
Total, Ialomita, Anul 2024, Mii persoane, 78.4
Total, Prahova, Anul 1990, Mii persoane, 407.4
Total, Prahova, Anul 1991, Mii persoane, 404.2
Total, Prahova, Anul 1992, Mii persoane, 432.1
Total, Prahova, Anul 1993, Mii persoane, 434.5
Total, Prahova, Anul 1994, Mii persoane, 434.8
Total, Prahova, Anul 1995, Mii persoane, 419.8
Total, Prahova, Anul 1996, Mii persoane, 385.7
Total, Prahova, Anul 1997, Mii persoane, 373.3
Total, Prahova, Anul 1998, Mii persoane, 362.7
Total, Prahova, Anul 1999, Mii persoane, 350
Total, Prahova, Anul 2000, Mii persoane, 336.6
Total, Prahova, Anul 2001, Mii persoane, 328.8
Total, Prahova, Anul 2002, Mii persoane, 322.1
Total, Prahova, Anul 2003, Mii persoane, 325.2
Total, Prahova, Anul 2004, Mii persoane, 309.4
Total, Prahova, Anul 2005, Mii persoane, 311
Total, Prahova, Anul 2006, Mii persoane, 310
Total, Prahova, Anul 2007, Mii persoane, 315.7
Total, Prahova, Anul 2008, Mii persoane, 314.4
Total, Prahova, Anul 2009, Mii persoane, 319.7
Total, Prahova, Anul 2010, Mii persoane, 313.6
Total, Prahova, Anul 2011, Mii persoane, 301.4
Total, Prahova, Anul 2012, Mii persoane, 305.4
Total, Prahova, Anul 2013, Mii persoane, 307.6
Total, Prahova, Anul 2014, Mii persoane, 301.8
Total, Prahova, Anul 2015, Mii persoane, 297
Total, Prahova, Anul 2016, Mii persoane, 297.3
Total, Prahova, Anul 2017, Mii persoane, 293.5
Total, Prahova, Anul 2018, Mii persoane, 293
Total, Prahova, Anul 2019, Mii persoane, 291
Total, Prahova, Anul 2020, Mii persoane, 291.4
Total, Prahova, Anul 2021, Mii persoane, 265.8
Total, Prahova, Anul 2022, Mii persoane, 273.2
Total, Prahova, Anul 2023, Mii persoane, 266.6
Total, Prahova, Anul 2024, Mii persoane, 264.8
Total, Teleorman, Anul 1990, Mii persoane, 211.9
Total, Teleorman, Anul 1991, Mii persoane, 206.3
Total, Teleorman, Anul 1992, Mii persoane, 227.3
Total, Teleorman, Anul 1993, Mii persoane, 231.9
Total, Teleorman, Anul 1994, Mii persoane, 232
Total, Teleorman, Anul 1995, Mii persoane, 217.2
Total, Teleorman, Anul 1996, Mii persoane, 212.6
Total, Teleorman, Anul 1997, Mii persoane, 207.8
Total, Teleorman, Anul 1998, Mii persoane, 206.7
Total, Teleorman, Anul 1999, Mii persoane, 212.1
Total, Teleorman, Anul 2000, Mii persoane, 211.5
Total, Teleorman, Anul 2001, Mii persoane, 202.3
Total, Teleorman, Anul 2002, Mii persoane, 193.7
Total, Teleorman, Anul 2003, Mii persoane, 187.3
Total, Teleorman, Anul 2004, Mii persoane, 172.7
Total, Teleorman, Anul 2005, Mii persoane, 174.9
Total, Teleorman, Anul 2006, Mii persoane, 172
Total, Teleorman, Anul 2007, Mii persoane, 171.4
Total, Teleorman, Anul 2008, Mii persoane, 168.5
Total, Teleorman, Anul 2009, Mii persoane, 173.1
Total, Teleorman, Anul 2010, Mii persoane, 171.3
Total, Teleorman, Anul 2011, Mii persoane, 167.8
Total, Teleorman, Anul 2012, Mii persoane, 175.1
Total, Teleorman, Anul 2013, Mii persoane, 173
Total, Teleorman, Anul 2014, Mii persoane, 169
Total, Teleorman, Anul 2015, Mii persoane, 159.2
Total, Teleorman, Anul 2016, Mii persoane, 148.7
Total, Teleorman, Anul 2017, Mii persoane, 147.3
Total, Teleorman, Anul 2018, Mii persoane, 143.6
Total, Teleorman, Anul 2019, Mii persoane, 140.4
Total, Teleorman, Anul 2020, Mii persoane, 139.5
Total, Teleorman, Anul 2021, Mii persoane, 108.5
Total, Teleorman, Anul 2022, Mii persoane, 110.6
Total, Teleorman, Anul 2023, Mii persoane, 107.5
Total, Teleorman, Anul 2024, Mii persoane, 108.2
Total, Ilfov, Anul 1996, Mii persoane, 113.2
Total, Ilfov, Anul 1997, Mii persoane, 112.5
Total, Ilfov, Anul 1998, Mii persoane, 104.7
Total, Ilfov, Anul 1999, Mii persoane, 107.2
Total, Ilfov, Anul 2000, Mii persoane, 112.2
Total, Ilfov, Anul 2001, Mii persoane, 115.6
Total, Ilfov, Anul 2002, Mii persoane, 116.4
Total, Ilfov, Anul 2003, Mii persoane, 113.4
Total, Ilfov, Anul 2004, Mii persoane, 118
Total, Ilfov, Anul 2005, Mii persoane, 132.9
Total, Ilfov, Anul 2006, Mii persoane, 142.3
Total, Ilfov, Anul 2007, Mii persoane, 151.5
Total, Ilfov, Anul 2008, Mii persoane, 161.7
Total, Ilfov, Anul 2009, Mii persoane, 159.9
Total, Ilfov, Anul 2010, Mii persoane, 161.6
Total, Ilfov, Anul 2011, Mii persoane, 165.2
Total, Ilfov, Anul 2012, Mii persoane, 171.4
Total, Ilfov, Anul 2013, Mii persoane, 169.1
Total, Ilfov, Anul 2014, Mii persoane, 173.3
Total, Ilfov, Anul 2015, Mii persoane, 177.3
Total, Ilfov, Anul 2016, Mii persoane, 187.8
Total, Ilfov, Anul 2017, Mii persoane, 192.3
Total, Ilfov, Anul 2018, Mii persoane, 201.3
Total, Ilfov, Anul 2019, Mii persoane, 207.5
Total, Ilfov, Anul 2020, Mii persoane, 210.9
Total, Ilfov, Anul 2021, Mii persoane, 206.6
Total, Ilfov, Anul 2022, Mii persoane, 213.3
Total, Ilfov, Anul 2023, Mii persoane, 217.8
Total, Ilfov, Anul 2024, Mii persoane, 218
Total, Municipiul Bucuresti, Anul 1996, Mii persoane, 829.6
Total, Municipiul Bucuresti, Anul 1997, Mii persoane, 804.1
Total, Municipiul Bucuresti, Anul 1998, Mii persoane, 820.9
Total, Municipiul Bucuresti, Anul 1999, Mii persoane, 668
Total, Municipiul Bucuresti, Anul 2000, Mii persoane, 765.8
Total, Municipiul Bucuresti, Anul 2001, Mii persoane, 770.7
Total, Municipiul Bucuresti, Anul 2002, Mii persoane, 820.6
Total, Municipiul Bucuresti, Anul 2003, Mii persoane, 858.2
Total, Municipiul Bucuresti, Anul 2004, Mii persoane, 891
Total, Municipiul Bucuresti, Anul 2005, Mii persoane, 955
Total, Municipiul Bucuresti, Anul 2006, Mii persoane, 1013.2
Total, Municipiul Bucuresti, Anul 2007, Mii persoane, 1080.6
Total, Municipiul Bucuresti, Anul 2008, Mii persoane, 1140.4
Total, Municipiul Bucuresti, Anul 2009, Mii persoane, 1090.5
Total, Municipiul Bucuresti, Anul 2010, Mii persoane, 1082.5
Total, Municipiul Bucuresti, Anul 2011, Mii persoane, 1083.7
Total, Municipiul Bucuresti, Anul 2012, Mii persoane, 1092.7
Total, Municipiul Bucuresti, Anul 2013, Mii persoane, 1113.1
Total, Municipiul Bucuresti, Anul 2014, Mii persoane, 1105.3
Total, Municipiul Bucuresti, Anul 2015, Mii persoane, 1120.5
Total, Municipiul Bucuresti, Anul 2016, Mii persoane, 1193.1
Total, Municipiul Bucuresti, Anul 2017, Mii persoane, 1195.9
Total, Municipiul Bucuresti, Anul 2018, Mii persoane, 1188.8
Total, Municipiul Bucuresti, Anul 2019, Mii persoane, 1233.5
Total, Municipiul Bucuresti, Anul 2020, Mii persoane, 1226.6
Total, Municipiul Bucuresti, Anul 2021, Mii persoane, 1224.8
Total, Municipiul Bucuresti, Anul 2022, Mii persoane, 1259.5
Total, Municipiul Bucuresti, Anul 2023, Mii persoane, 1266.4
Total, Municipiul Bucuresti, Anul 2024, Mii persoane, 1312.2
Total, Dolj, Anul 1990, Mii persoane, 360.5
Total, Dolj, Anul 1991, Mii persoane, 371.9
Total, Dolj, Anul 1992, Mii persoane, 385.7
Total, Dolj, Anul 1993, Mii persoane, 393.7
Total, Dolj, Anul 1994, Mii persoane, 388
Total, Dolj, Anul 1995, Mii persoane, 327
Total, Dolj, Anul 1996, Mii persoane, 324
Total, Dolj, Anul 1997, Mii persoane, 330.9
Total, Dolj, Anul 1998, Mii persoane, 319.1
Total, Dolj, Anul 1999, Mii persoane, 342.8
Total, Dolj, Anul 2000, Mii persoane, 340.8
Total, Dolj, Anul 2001, Mii persoane, 330.8
Total, Dolj, Anul 2002, Mii persoane, 296.9
Total, Dolj, Anul 2003, Mii persoane, 294.2
Total, Dolj, Anul 2004, Mii persoane, 280
Total, Dolj, Anul 2005, Mii persoane, 284.4
Total, Dolj, Anul 2006, Mii persoane, 288.1
Total, Dolj, Anul 2007, Mii persoane, 290.6
Total, Dolj, Anul 2008, Mii persoane, 300.9
Total, Dolj, Anul 2009, Mii persoane, 297.7
Total, Dolj, Anul 2010, Mii persoane, 296.9
Total, Dolj, Anul 2011, Mii persoane, 286.5
Total, Dolj, Anul 2012, Mii persoane, 294
Total, Dolj, Anul 2013, Mii persoane, 290.9
Total, Dolj, Anul 2014, Mii persoane, 284.1
Total, Dolj, Anul 2015, Mii persoane, 275
Total, Dolj, Anul 2016, Mii persoane, 265.1
Total, Dolj, Anul 2017, Mii persoane, 265.8
Total, Dolj, Anul 2018, Mii persoane, 266.1
Total, Dolj, Anul 2019, Mii persoane, 266.2
Total, Dolj, Anul 2020, Mii persoane, 267
Total, Dolj, Anul 2021, Mii persoane, 225
Total, Dolj, Anul 2022, Mii persoane, 230.8
Total, Dolj, Anul 2023, Mii persoane, 229.8
Total, Dolj, Anul 2024, Mii persoane, 232.4
Total, Gorj, Anul 1990, Mii persoane, 214.9
Total, Gorj, Anul 1991, Mii persoane, 213.1
Total, Gorj, Anul 1992, Mii persoane, 214.9
Total, Gorj, Anul 1993, Mii persoane, 208
Total, Gorj, Anul 1994, Mii persoane, 216.8
Total, Gorj, Anul 1995, Mii persoane, 206.8
Total, Gorj, Anul 1996, Mii persoane, 191.5
Total, Gorj, Anul 1997, Mii persoane, 188.3
Total, Gorj, Anul 1998, Mii persoane, 177.3
Total, Gorj, Anul 1999, Mii persoane, 177.2
Total, Gorj, Anul 2000, Mii persoane, 178.2
Total, Gorj, Anul 2001, Mii persoane, 173.6
Total, Gorj, Anul 2002, Mii persoane, 162.8
Total, Gorj, Anul 2003, Mii persoane, 159.5
Total, Gorj, Anul 2004, Mii persoane, 154.8
Total, Gorj, Anul 2005, Mii persoane, 152.8
Total, Gorj, Anul 2006, Mii persoane, 149.6
Total, Gorj, Anul 2007, Mii persoane, 147.8
Total, Gorj, Anul 2008, Mii persoane, 150.4
Total, Gorj, Anul 2009, Mii persoane, 154
Total, Gorj, Anul 2010, Mii persoane, 147.3
Total, Gorj, Anul 2011, Mii persoane, 144.6
Total, Gorj, Anul 2012, Mii persoane, 146.5
Total, Gorj, Anul 2013, Mii persoane, 146.4
Total, Gorj, Anul 2014, Mii persoane, 142
Total, Gorj, Anul 2015, Mii persoane, 137.6
Total, Gorj, Anul 2016, Mii persoane, 136
Total, Gorj, Anul 2017, Mii persoane, 135.8
Total, Gorj, Anul 2018, Mii persoane, 135.8
Total, Gorj, Anul 2019, Mii persoane, 135.2
Total, Gorj, Anul 2020, Mii persoane, 135.5
Total, Gorj, Anul 2021, Mii persoane, 119.5
Total, Gorj, Anul 2022, Mii persoane, 122.3
Total, Gorj, Anul 2023, Mii persoane, 118.6
Total, Gorj, Anul 2024, Mii persoane, 121.6
Total, Mehedinti, Anul 1990, Mii persoane, 152.3
Total, Mehedinti, Anul 1991, Mii persoane, 150.2
Total, Mehedinti, Anul 1992, Mii persoane, 151.3
Total, Mehedinti, Anul 1993, Mii persoane, 147.5
Total, Mehedinti, Anul 1994, Mii persoane, 151.9
Total, Mehedinti, Anul 1995, Mii persoane, 144.3
Total, Mehedinti, Anul 1996, Mii persoane, 138.7
Total, Mehedinti, Anul 1997, Mii persoane, 145
Total, Mehedinti, Anul 1998, Mii persoane, 144.1
Total, Mehedinti, Anul 1999, Mii persoane, 145.1
Total, Mehedinti, Anul 2000, Mii persoane, 140.9
Total, Mehedinti, Anul 2001, Mii persoane, 141.8
Total, Mehedinti, Anul 2002, Mii persoane, 126.7
Total, Mehedinti, Anul 2003, Mii persoane, 126.8
Total, Mehedinti, Anul 2004, Mii persoane, 122.7
Total, Mehedinti, Anul 2005, Mii persoane, 123.7
Total, Mehedinti, Anul 2006, Mii persoane, 123
Total, Mehedinti, Anul 2007, Mii persoane, 123.2
Total, Mehedinti, Anul 2008, Mii persoane, 123.2
Total, Mehedinti, Anul 2009, Mii persoane, 124.5
Total, Mehedinti, Anul 2010, Mii persoane, 116.8
Total, Mehedinti, Anul 2011, Mii persoane, 116.8
Total, Mehedinti, Anul 2012, Mii persoane, 120
Total, Mehedinti, Anul 2013, Mii persoane, 117.6
Total, Mehedinti, Anul 2014, Mii persoane, 114.7
Total, Mehedinti, Anul 2015, Mii persoane, 111.5
Total, Mehedinti, Anul 2016, Mii persoane, 104.1
Total, Mehedinti, Anul 2017, Mii persoane, 104.2
Total, Mehedinti, Anul 2018, Mii persoane, 103.7
Total, Mehedinti, Anul 2019, Mii persoane, 102
Total, Mehedinti, Anul 2020, Mii persoane, 101
Total, Mehedinti, Anul 2021, Mii persoane, 82.6
Total, Mehedinti, Anul 2022, Mii persoane, 85.3
Total, Mehedinti, Anul 2023, Mii persoane, 84.2
Total, Mehedinti, Anul 2024, Mii persoane, 84.8
Total, Olt, Anul 1990, Mii persoane, 247.2
Total, Olt, Anul 1991, Mii persoane, 242.8
Total, Olt, Anul 1992, Mii persoane, 248
Total, Olt, Anul 1993, Mii persoane, 243.9
Total, Olt, Anul 1994, Mii persoane, 243.9
Total, Olt, Anul 1995, Mii persoane, 227.7
Total, Olt, Anul 1996, Mii persoane, 215.3
Total, Olt, Anul 1997, Mii persoane, 219.6
Total, Olt, Anul 1998, Mii persoane, 217.4
Total, Olt, Anul 1999, Mii persoane, 213.4
Total, Olt, Anul 2000, Mii persoane, 214.3
Total, Olt, Anul 2001, Mii persoane, 208.4
Total, Olt, Anul 2002, Mii persoane, 195.1
Total, Olt, Anul 2003, Mii persoane, 195.6
Total, Olt, Anul 2004, Mii persoane, 183.3
Total, Olt, Anul 2005, Mii persoane, 186.4
Total, Olt, Anul 2006, Mii persoane, 181.3
Total, Olt, Anul 2007, Mii persoane, 182.4
Total, Olt, Anul 2008, Mii persoane, 178.8
Total, Olt, Anul 2009, Mii persoane, 176.7
Total, Olt, Anul 2010, Mii persoane, 176.1
Total, Olt, Anul 2011, Mii persoane, 174.6
Total, Olt, Anul 2012, Mii persoane, 181.4
Total, Olt, Anul 2013, Mii persoane, 178
Total, Olt, Anul 2014, Mii persoane, 175.2
Total, Olt, Anul 2015, Mii persoane, 168.3
Total, Olt, Anul 2016, Mii persoane, 162.6
Total, Olt, Anul 2017, Mii persoane, 161.8
Total, Olt, Anul 2018, Mii persoane, 161.8
Total, Olt, Anul 2019, Mii persoane, 161.2
Total, Olt, Anul 2020, Mii persoane, 160.3
Total, Olt, Anul 2021, Mii persoane, 129.4
Total, Olt, Anul 2022, Mii persoane, 133.7
Total, Olt, Anul 2023, Mii persoane, 130.3
Total, Olt, Anul 2024, Mii persoane, 129.2
Total, Valcea, Anul 1990, Mii persoane, 214.7
Total, Valcea, Anul 1991, Mii persoane, 216.4
Total, Valcea, Anul 1992, Mii persoane, 225
Total, Valcea, Anul 1993, Mii persoane, 218.4
Total, Valcea, Anul 1994, Mii persoane, 234.6
Total, Valcea, Anul 1995, Mii persoane, 227.9
Total, Valcea, Anul 1996, Mii persoane, 210.9
Total, Valcea, Anul 1997, Mii persoane, 220.4
Total, Valcea, Anul 1998, Mii persoane, 218.2
Total, Valcea, Anul 1999, Mii persoane, 204.4
Total, Valcea, Anul 2000, Mii persoane, 204.8
Total, Valcea, Anul 2001, Mii persoane, 199.3
Total, Valcea, Anul 2002, Mii persoane, 188.7
Total, Valcea, Anul 2003, Mii persoane, 184.7
Total, Valcea, Anul 2004, Mii persoane, 176.5
Total, Valcea, Anul 2005, Mii persoane, 178.7
Total, Valcea, Anul 2006, Mii persoane, 175.3
Total, Valcea, Anul 2007, Mii persoane, 178.3
Total, Valcea, Anul 2008, Mii persoane, 178.2
Total, Valcea, Anul 2009, Mii persoane, 180.8
Total, Valcea, Anul 2010, Mii persoane, 180.3
Total, Valcea, Anul 2011, Mii persoane, 175.7
Total, Valcea, Anul 2012, Mii persoane, 181.8
Total, Valcea, Anul 2013, Mii persoane, 178.2
Total, Valcea, Anul 2014, Mii persoane, 170.7
Total, Valcea, Anul 2015, Mii persoane, 165.6
Total, Valcea, Anul 2016, Mii persoane, 162.6
Total, Valcea, Anul 2017, Mii persoane, 160.1
Total, Valcea, Anul 2018, Mii persoane, 159.5
Total, Valcea, Anul 2019, Mii persoane, 161.3
Total, Valcea, Anul 2020, Mii persoane, 162.1
Total, Valcea, Anul 2021, Mii persoane, 139
Total, Valcea, Anul 2022, Mii persoane, 143.2
Total, Valcea, Anul 2023, Mii persoane, 140.8
Total, Valcea, Anul 2024, Mii persoane, 138.9
Total, Arad, Anul 1990, Mii persoane, 240.1
Total, Arad, Anul 1991, Mii persoane, 234.9
Total, Arad, Anul 1992, Mii persoane, 229.7
Total, Arad, Anul 1993, Mii persoane, 233.4
Total, Arad, Anul 1994, Mii persoane, 228.5
Total, Arad, Anul 1995, Mii persoane, 230.7
Total, Arad, Anul 1996, Mii persoane, 216.4
Total, Arad, Anul 1997, Mii persoane, 236.1
Total, Arad, Anul 1998, Mii persoane, 207.2
Total, Arad, Anul 1999, Mii persoane, 197.9
Total, Arad, Anul 2000, Mii persoane, 206.6
Total, Arad, Anul 2001, Mii persoane, 204.4
Total, Arad, Anul 2002, Mii persoane, 203.6
Total, Arad, Anul 2003, Mii persoane, 206.9
Total, Arad, Anul 2004, Mii persoane, 206.4
Total, Arad, Anul 2005, Mii persoane, 210.2
Total, Arad, Anul 2006, Mii persoane, 211.6
Total, Arad, Anul 2007, Mii persoane, 216.5
Total, Arad, Anul 2008, Mii persoane, 214.7
Total, Arad, Anul 2009, Mii persoane, 214.3
Total, Arad, Anul 2010, Mii persoane, 211.5
Total, Arad, Anul 2011, Mii persoane, 208.5
Total, Arad, Anul 2012, Mii persoane, 214
Total, Arad, Anul 2013, Mii persoane, 217.3
Total, Arad, Anul 2014, Mii persoane, 218.2
Total, Arad, Anul 2015, Mii persoane, 215.9
Total, Arad, Anul 2016, Mii persoane, 216.2
Total, Arad, Anul 2017, Mii persoane, 213.4
Total, Arad, Anul 2018, Mii persoane, 214.2
Total, Arad, Anul 2019, Mii persoane, 211.9
Total, Arad, Anul 2020, Mii persoane, 209.7
Total, Arad, Anul 2021, Mii persoane, 190
Total, Arad, Anul 2022, Mii persoane, 194.4
Total, Arad, Anul 2023, Mii persoane, 192.5
Total, Arad, Anul 2024, Mii persoane, 191
Total, Caras-Severin, Anul 1990, Mii persoane, 181.8
Total, Caras-Severin, Anul 1991, Mii persoane, 168.4
Total, Caras-Severin, Anul 1992, Mii persoane, 181
Total, Caras-Severin, Anul 1993, Mii persoane, 165
Total, Caras-Severin, Anul 1994, Mii persoane, 176.7
Total, Caras-Severin, Anul 1995, Mii persoane, 183.5
Total, Caras-Severin, Anul 1996, Mii persoane, 156.9
Total, Caras-Severin, Anul 1997, Mii persoane, 164.3
Total, Caras-Severin, Anul 1998, Mii persoane, 160.5
Total, Caras-Severin, Anul 1999, Mii persoane, 151.3
Total, Caras-Severin, Anul 2000, Mii persoane, 152.7
Total, Caras-Severin, Anul 2001, Mii persoane, 152.2
Total, Caras-Severin, Anul 2002, Mii persoane, 137.9
Total, Caras-Severin, Anul 2003, Mii persoane, 137.5
Total, Caras-Severin, Anul 2004, Mii persoane, 130.3
Total, Caras-Severin, Anul 2005, Mii persoane, 129.9
Total, Caras-Severin, Anul 2006, Mii persoane, 126.2
Total, Caras-Severin, Anul 2007, Mii persoane, 131.6
Total, Caras-Severin, Anul 2008, Mii persoane, 128.7
Total, Caras-Severin, Anul 2009, Mii persoane, 130.7
Total, Caras-Severin, Anul 2010, Mii persoane, 125.3
Total, Caras-Severin, Anul 2011, Mii persoane, 119.3
Total, Caras-Severin, Anul 2012, Mii persoane, 121.8
Total, Caras-Severin, Anul 2013, Mii persoane, 119
Total, Caras-Severin, Anul 2014, Mii persoane, 117.4
Total, Caras-Severin, Anul 2015, Mii persoane, 117.3
Total, Caras-Severin, Anul 2016, Mii persoane, 111.1
Total, Caras-Severin, Anul 2017, Mii persoane, 109.4
Total, Caras-Severin, Anul 2018, Mii persoane, 106.8
Total, Caras-Severin, Anul 2019, Mii persoane, 106.5
Total, Caras-Severin, Anul 2020, Mii persoane, 105.9
Total, Caras-Severin, Anul 2021, Mii persoane, 90.7
Total, Caras-Severin, Anul 2022, Mii persoane, 93.2
Total, Caras-Severin, Anul 2023, Mii persoane, 91.4
Total, Caras-Severin, Anul 2024, Mii persoane, 92.1
Total, Hunedoara, Anul 1990, Mii persoane, 276.6
Total, Hunedoara, Anul 1991, Mii persoane, 280.4
Total, Hunedoara, Anul 1992, Mii persoane, 281.9
Total, Hunedoara, Anul 1993, Mii persoane, 279.4
Total, Hunedoara, Anul 1994, Mii persoane, 290.8
Total, Hunedoara, Anul 1995, Mii persoane, 286.6
Total, Hunedoara, Anul 1996, Mii persoane, 290.3
Total, Hunedoara, Anul 1997, Mii persoane, 257.5
Total, Hunedoara, Anul 1998, Mii persoane, 250.3
Total, Hunedoara, Anul 1999, Mii persoane, 238.9
Total, Hunedoara, Anul 2000, Mii persoane, 238.3
Total, Hunedoara, Anul 2001, Mii persoane, 225.8
Total, Hunedoara, Anul 2002, Mii persoane, 217.1
Total, Hunedoara, Anul 2003, Mii persoane, 213.6
Total, Hunedoara, Anul 2004, Mii persoane, 214.9
Total, Hunedoara, Anul 2005, Mii persoane, 213.9
Total, Hunedoara, Anul 2006, Mii persoane, 205.7
Total, Hunedoara, Anul 2007, Mii persoane, 209.6
Total, Hunedoara, Anul 2008, Mii persoane, 206.6
Total, Hunedoara, Anul 2009, Mii persoane, 204.2
Total, Hunedoara, Anul 2010, Mii persoane, 194.8
Total, Hunedoara, Anul 2011, Mii persoane, 187.3
Total, Hunedoara, Anul 2012, Mii persoane, 193.8
Total, Hunedoara, Anul 2013, Mii persoane, 194
Total, Hunedoara, Anul 2014, Mii persoane, 189.4
Total, Hunedoara, Anul 2015, Mii persoane, 186.4
Total, Hunedoara, Anul 2016, Mii persoane, 181.3
Total, Hunedoara, Anul 2017, Mii persoane, 176.5
Total, Hunedoara, Anul 2018, Mii persoane, 172.2
Total, Hunedoara, Anul 2019, Mii persoane, 171.6
Total, Hunedoara, Anul 2020, Mii persoane, 171
Total, Hunedoara, Anul 2021, Mii persoane, 155.6
Total, Hunedoara, Anul 2022, Mii persoane, 155.8
Total, Hunedoara, Anul 2023, Mii persoane, 153.2
Total, Hunedoara, Anul 2024, Mii persoane, 151.6
Total, Timis, Anul 1990, Mii persoane, 347.7
Total, Timis, Anul 1991, Mii persoane, 360.6
Total, Timis, Anul 1992, Mii persoane, 354.4
Total, Timis, Anul 1993, Mii persoane, 355.2
Total, Timis, Anul 1994, Mii persoane, 354.9
Total, Timis, Anul 1995, Mii persoane, 333.9
Total, Timis, Anul 1996, Mii persoane, 308.2
Total, Timis, Anul 1997, Mii persoane, 303.6
Total, Timis, Anul 1998, Mii persoane, 313.8
Total, Timis, Anul 1999, Mii persoane, 304.8
Total, Timis, Anul 2000, Mii persoane, 319.2
Total, Timis, Anul 2001, Mii persoane, 311.2
Total, Timis, Anul 2002, Mii persoane, 314.1
Total, Timis, Anul 2003, Mii persoane, 313.6
Total, Timis, Anul 2004, Mii persoane, 317.3
Total, Timis, Anul 2005, Mii persoane, 326.2
Total, Timis, Anul 2006, Mii persoane, 331.3
Total, Timis, Anul 2007, Mii persoane, 341
Total, Timis, Anul 2008, Mii persoane, 340
Total, Timis, Anul 2009, Mii persoane, 332.4
Total, Timis, Anul 2010, Mii persoane, 331
Total, Timis, Anul 2011, Mii persoane, 331.4
Total, Timis, Anul 2012, Mii persoane, 340.9
Total, Timis, Anul 2013, Mii persoane, 340.9
Total, Timis, Anul 2014, Mii persoane, 341.6
Total, Timis, Anul 2015, Mii persoane, 345.5
Total, Timis, Anul 2016, Mii persoane, 348
Total, Timis, Anul 2017, Mii persoane, 349.8
Total, Timis, Anul 2018, Mii persoane, 351.6
Total, Timis, Anul 2019, Mii persoane, 350.6
Total, Timis, Anul 2020, Mii persoane, 351.1
Total, Timis, Anul 2021, Mii persoane, 327.2
Total, Timis, Anul 2022, Mii persoane, 336.4
Total, Timis, Anul 2023, Mii persoane, 334.8
Total, Timis, Anul 2024, Mii persoane, 336.1
