Varste si grupe de varsta, Sexe, Medii de rezidenta, Macroregiuni  regiuni de dezvoltare si judete, Ani, UM: Numar persoane, Valoare
Total, Total, Total, Bihor, Anul 2012, Numar persoane, 575731
Total, Total, Total, Bihor, Anul 2013, Numar persoane, 575270
Total, Total, Total, Bihor, Anul 2014, Numar persoane, 573769
Total, Total, Total, Bihor, Anul 2015, Numar persoane, 572057
Total, Total, Total, Bihor, Anul 2016, Numar persoane, 568969
Total, Total, Total, Bihor, Anul 2017, Numar persoane, 566381
Total, Total, Total, Bihor, Anul 2018, Numar persoane, 564171
Total, Total, Total, Bihor, Anul 2019, Numar persoane, 561621
Total, Total, Total, Bihor, Anul 2020, Numar persoane, 560646
Total, Total, Total, Bihor, Anul 2021, Numar persoane, 557836
Total, Total, Total, Bihor, Anul 2022, Numar persoane, 552031
Total, Total, Total, Bihor, Anul 2023, Numar persoane, 554016
Total, Total, Total, Bihor, Anul 2024, Numar persoane, 556008
Total, Total, Total, Bihor, Anul 2025, Numar persoane, 556894
Total, Total, Total, Bistrita-Nasaud, Anul 2012, Numar persoane, 285468
Total, Total, Total, Bistrita-Nasaud, Anul 2013, Numar persoane, 284178
Total, Total, Total, Bistrita-Nasaud, Anul 2014, Numar persoane, 283910
Total, Total, Total, Bistrita-Nasaud, Anul 2015, Numar persoane, 283255
Total, Total, Total, Bistrita-Nasaud, Anul 2016, Numar persoane, 282495
Total, Total, Total, Bistrita-Nasaud, Anul 2017, Numar persoane, 281387
Total, Total, Total, Bistrita-Nasaud, Anul 2018, Numar persoane, 280058
Total, Total, Total, Bistrita-Nasaud, Anul 2019, Numar persoane, 278868
Total, Total, Total, Bistrita-Nasaud, Anul 2020, Numar persoane, 278033
Total, Total, Total, Bistrita-Nasaud, Anul 2021, Numar persoane, 276517
Total, Total, Total, Bistrita-Nasaud, Anul 2022, Numar persoane, 295351
Total, Total, Total, Bistrita-Nasaud, Anul 2023, Numar persoane, 296140
Total, Total, Total, Bistrita-Nasaud, Anul 2024, Numar persoane, 297036
Total, Total, Total, Bistrita-Nasaud, Anul 2025, Numar persoane, 297211
Total, Total, Total, Cluj, Anul 2012, Numar persoane, 693608
Total, Total, Total, Cluj, Anul 2013, Numar persoane, 697457
Total, Total, Total, Cluj, Anul 2014, Numar persoane, 699097
Total, Total, Total, Cluj, Anul 2015, Numar persoane, 700982
Total, Total, Total, Cluj, Anul 2016, Numar persoane, 701258
Total, Total, Total, Cluj, Anul 2017, Numar persoane, 702780
Total, Total, Total, Cluj, Anul 2018, Numar persoane, 704619
Total, Total, Total, Cluj, Anul 2019, Numar persoane, 706952
Total, Total, Total, Cluj, Anul 2020, Numar persoane, 709872
Total, Total, Total, Cluj, Anul 2021, Numar persoane, 710664
Total, Total, Total, Cluj, Anul 2022, Numar persoane, 683028
Total, Total, Total, Cluj, Anul 2023, Numar persoane, 688844
Total, Total, Total, Cluj, Anul 2024, Numar persoane, 693413
Total, Total, Total, Cluj, Anul 2025, Numar persoane, 697374
Total, Total, Total, Maramures, Anul 2012, Numar persoane, 477180
Total, Total, Total, Maramures, Anul 2013, Numar persoane, 474115
Total, Total, Total, Maramures, Anul 2014, Numar persoane, 472483
Total, Total, Total, Maramures, Anul 2015, Numar persoane, 470714
Total, Total, Total, Maramures, Anul 2016, Numar persoane, 468333
Total, Total, Total, Maramures, Anul 2017, Numar persoane, 465423
Total, Total, Total, Maramures, Anul 2018, Numar persoane, 463306
Total, Total, Total, Maramures, Anul 2019, Numar persoane, 460756
Total, Total, Total, Maramures, Anul 2020, Numar persoane, 458927
Total, Total, Total, Maramures, Anul 2021, Numar persoane, 455160
Total, Total, Total, Maramures, Anul 2022, Numar persoane, 451499
Total, Total, Total, Maramures, Anul 2023, Numar persoane, 451728
Total, Total, Total, Maramures, Anul 2024, Numar persoane, 451993
Total, Total, Total, Maramures, Anul 2025, Numar persoane, 450925
Total, Total, Total, Satu Mare, Anul 2012, Numar persoane, 343530
Total, Total, Total, Satu Mare, Anul 2013, Numar persoane, 342118
Total, Total, Total, Satu Mare, Anul 2014, Numar persoane, 341094
Total, Total, Total, Satu Mare, Anul 2015, Numar persoane, 339987
Total, Total, Total, Satu Mare, Anul 2016, Numar persoane, 338181
Total, Total, Total, Satu Mare, Anul 2017, Numar persoane, 336543
Total, Total, Total, Satu Mare, Anul 2018, Numar persoane, 334589
Total, Total, Total, Satu Mare, Anul 2019, Numar persoane, 332610
Total, Total, Total, Satu Mare, Anul 2020, Numar persoane, 331500
Total, Total, Total, Satu Mare, Anul 2021, Numar persoane, 329535
Total, Total, Total, Satu Mare, Anul 2022, Numar persoane, 330363
Total, Total, Total, Satu Mare, Anul 2023, Numar persoane, 330662
Total, Total, Total, Satu Mare, Anul 2024, Numar persoane, 330815
Total, Total, Total, Satu Mare, Anul 2025, Numar persoane, 330466
Total, Total, Total, Salaj, Anul 2012, Numar persoane, 223360
Total, Total, Total, Salaj, Anul 2013, Numar persoane, 221685
Total, Total, Total, Salaj, Anul 2014, Numar persoane, 220479
Total, Total, Total, Salaj, Anul 2015, Numar persoane, 219039
Total, Total, Total, Salaj, Anul 2016, Numar persoane, 217331
Total, Total, Total, Salaj, Anul 2017, Numar persoane, 215878
Total, Total, Total, Salaj, Anul 2018, Numar persoane, 213761
Total, Total, Total, Salaj, Anul 2019, Numar persoane, 211663
Total, Total, Total, Salaj, Anul 2020, Numar persoane, 209982
Total, Total, Total, Salaj, Anul 2021, Numar persoane, 209114
Total, Total, Total, Salaj, Anul 2022, Numar persoane, 211329
Total, Total, Total, Salaj, Anul 2023, Numar persoane, 210652
Total, Total, Total, Salaj, Anul 2024, Numar persoane, 210645
Total, Total, Total, Salaj, Anul 2025, Numar persoane, 211140
Total, Total, Total, Alba, Anul 2012, Numar persoane, 341479
Total, Total, Total, Alba, Anul 2013, Numar persoane, 339517
Total, Total, Total, Alba, Anul 2014, Numar persoane, 337717
Total, Total, Total, Alba, Anul 2015, Numar persoane, 335915
Total, Total, Total, Alba, Anul 2016, Numar persoane, 333488
Total, Total, Total, Alba, Anul 2017, Numar persoane, 330954
Total, Total, Total, Alba, Anul 2018, Numar persoane, 328264
Total, Total, Total, Alba, Anul 2019, Numar persoane, 325475
Total, Total, Total, Alba, Anul 2020, Numar persoane, 324071
Total, Total, Total, Alba, Anul 2021, Numar persoane, 321199
Total, Total, Total, Alba, Anul 2022, Numar persoane, 325715
Total, Total, Total, Alba, Anul 2023, Numar persoane, 325838
Total, Total, Total, Alba, Anul 2024, Numar persoane, 325757
Total, Total, Total, Alba, Anul 2025, Numar persoane, 325260
Total, Total, Total, Brasov, Anul 2012, Numar persoane, 549519
Total, Total, Total, Brasov, Anul 2013, Numar persoane, 550713
Total, Total, Total, Brasov, Anul 2014, Numar persoane, 550912
Total, Total, Total, Brasov, Anul 2015, Numar persoane, 551160
Total, Total, Total, Brasov, Anul 2016, Numar persoane, 550934
Total, Total, Total, Brasov, Anul 2017, Numar persoane, 550789
Total, Total, Total, Brasov, Anul 2018, Numar persoane, 551185
Total, Total, Total, Brasov, Anul 2019, Numar persoane, 552390
Total, Total, Total, Brasov, Anul 2020, Numar persoane, 554014
Total, Total, Total, Brasov, Anul 2021, Numar persoane, 553807
Total, Total, Total, Brasov, Anul 2022, Numar persoane, 548254
Total, Total, Total, Brasov, Anul 2023, Numar persoane, 552813
Total, Total, Total, Brasov, Anul 2024, Numar persoane, 557143
Total, Total, Total, Brasov, Anul 2025, Numar persoane, 560277
Total, Total, Total, Covasna, Anul 2012, Numar persoane, 209713
Total, Total, Total, Covasna, Anul 2013, Numar persoane, 208976
Total, Total, Total, Covasna, Anul 2014, Numar persoane, 208628
Total, Total, Total, Covasna, Anul 2015, Numar persoane, 207569
Total, Total, Total, Covasna, Anul 2016, Numar persoane, 206279
Total, Total, Total, Covasna, Anul 2017, Numar persoane, 204929
Total, Total, Total, Covasna, Anul 2018, Numar persoane, 203471
Total, Total, Total, Covasna, Anul 2019, Numar persoane, 202113
Total, Total, Total, Covasna, Anul 2020, Numar persoane, 201503
Total, Total, Total, Covasna, Anul 2021, Numar persoane, 200083
Total, Total, Total, Covasna, Anul 2022, Numar persoane, 199912
Total, Total, Total, Covasna, Anul 2023, Numar persoane, 199795
Total, Total, Total, Covasna, Anul 2024, Numar persoane, 199704
Total, Total, Total, Covasna, Anul 2025, Numar persoane, 199606
Total, Total, Total, Harghita, Anul 2012, Numar persoane, 311048
Total, Total, Total, Harghita, Anul 2013, Numar persoane, 310842
Total, Total, Total, Harghita, Anul 2014, Numar persoane, 310360
Total, Total, Total, Harghita, Anul 2015, Numar persoane, 309133
Total, Total, Total, Harghita, Anul 2016, Numar persoane, 307555
Total, Total, Total, Harghita, Anul 2017, Numar persoane, 305676
Total, Total, Total, Harghita, Anul 2018, Numar persoane, 304219
Total, Total, Total, Harghita, Anul 2019, Numar persoane, 302291
Total, Total, Total, Harghita, Anul 2020, Numar persoane, 301521
Total, Total, Total, Harghita, Anul 2021, Numar persoane, 299163
Total, Total, Total, Harghita, Anul 2022, Numar persoane, 291633
Total, Total, Total, Harghita, Anul 2023, Numar persoane, 291810
Total, Total, Total, Harghita, Anul 2024, Numar persoane, 292193
Total, Total, Total, Harghita, Anul 2025, Numar persoane, 291871
Total, Total, Total, Mures, Anul 2012, Numar persoane, 550214
Total, Total, Total, Mures, Anul 2013, Numar persoane, 549097
Total, Total, Total, Mures, Anul 2014, Numar persoane, 547861
Total, Total, Total, Mures, Anul 2015, Numar persoane, 546532
Total, Total, Total, Mures, Anul 2016, Numar persoane, 543726
Total, Total, Total, Mures, Anul 2017, Numar persoane, 540719
Total, Total, Total, Mures, Anul 2018, Numar persoane, 538214
Total, Total, Total, Mures, Anul 2019, Numar persoane, 535202
Total, Total, Total, Mures, Anul 2020, Numar persoane, 533355
Total, Total, Total, Mures, Anul 2021, Numar persoane, 529593
Total, Total, Total, Mures, Anul 2022, Numar persoane, 518991
Total, Total, Total, Mures, Anul 2023, Numar persoane, 519395
Total, Total, Total, Mures, Anul 2024, Numar persoane, 519878
Total, Total, Total, Mures, Anul 2025, Numar persoane, 519574
Total, Total, Total, Sibiu, Anul 2012, Numar persoane, 398605
Total, Total, Total, Sibiu, Anul 2013, Numar persoane, 400260
Total, Total, Total, Sibiu, Anul 2014, Numar persoane, 400268
Total, Total, Total, Sibiu, Anul 2015, Numar persoane, 400230
Total, Total, Total, Sibiu, Anul 2016, Numar persoane, 399982
Total, Total, Total, Sibiu, Anul 2017, Numar persoane, 399724
Total, Total, Total, Sibiu, Anul 2018, Numar persoane, 400018
Total, Total, Total, Sibiu, Anul 2019, Numar persoane, 400988
Total, Total, Total, Sibiu, Anul 2020, Numar persoane, 401352
Total, Total, Total, Sibiu, Anul 2021, Numar persoane, 400291
Total, Total, Total, Sibiu, Anul 2022, Numar persoane, 388896
Total, Total, Total, Sibiu, Anul 2023, Numar persoane, 391433
Total, Total, Total, Sibiu, Anul 2024, Numar persoane, 393589
Total, Total, Total, Sibiu, Anul 2025, Numar persoane, 394963
Total, Total, Total, Bacau, Anul 2012, Numar persoane, 614316
Total, Total, Total, Bacau, Anul 2013, Numar persoane, 609948
Total, Total, Total, Bacau, Anul 2014, Numar persoane, 606975
Total, Total, Total, Bacau, Anul 2015, Numar persoane, 604567
Total, Total, Total, Bacau, Anul 2016, Numar persoane, 600549
Total, Total, Total, Bacau, Anul 2017, Numar persoane, 595534
Total, Total, Total, Bacau, Anul 2018, Numar persoane, 591053
Total, Total, Total, Bacau, Anul 2019, Numar persoane, 585548
Total, Total, Total, Bacau, Anul 2020, Numar persoane, 582495
Total, Total, Total, Bacau, Anul 2021, Numar persoane, 576683
Total, Total, Total, Bacau, Anul 2022, Numar persoane, 599435
Total, Total, Total, Bacau, Anul 2023, Numar persoane, 597504
Total, Total, Total, Bacau, Anul 2024, Numar persoane, 595789
Total, Total, Total, Bacau, Anul 2025, Numar persoane, 591999
Total, Total, Total, Botosani, Anul 2012, Numar persoane, 410706
Total, Total, Total, Botosani, Anul 2013, Numar persoane, 406330
Total, Total, Total, Botosani, Anul 2014, Numar persoane, 403205
Total, Total, Total, Botosani, Anul 2015, Numar persoane, 399273
Total, Total, Total, Botosani, Anul 2016, Numar persoane, 394625
Total, Total, Total, Botosani, Anul 2017, Numar persoane, 390320
Total, Total, Total, Botosani, Anul 2018, Numar persoane, 385268
Total, Total, Total, Botosani, Anul 2019, Numar persoane, 380142
Total, Total, Total, Botosani, Anul 2020, Numar persoane, 377679
Total, Total, Total, Botosani, Anul 2021, Numar persoane, 373239
Total, Total, Total, Botosani, Anul 2022, Numar persoane, 391108
Total, Total, Total, Botosani, Anul 2023, Numar persoane, 389815
Total, Total, Total, Botosani, Anul 2024, Numar persoane, 390069
Total, Total, Total, Botosani, Anul 2025, Numar persoane, 388291
Total, Total, Total, Iasi, Anul 2012, Numar persoane, 772979
Total, Total, Total, Iasi, Anul 2013, Numar persoane, 775165
Total, Total, Total, Iasi, Anul 2014, Numar persoane, 781503
Total, Total, Total, Iasi, Anul 2015, Numar persoane, 787589
Total, Total, Total, Iasi, Anul 2016, Numar persoane, 788659
Total, Total, Total, Iasi, Anul 2017, Numar persoane, 789935
Total, Total, Total, Iasi, Anul 2018, Numar persoane, 791753
Total, Total, Total, Iasi, Anul 2019, Numar persoane, 794706
Total, Total, Total, Iasi, Anul 2020, Numar persoane, 794979
Total, Total, Total, Iasi, Anul 2021, Numar persoane, 797131
Total, Total, Total, Iasi, Anul 2022, Numar persoane, 765720
Total, Total, Total, Iasi, Anul 2023, Numar persoane, 774025
Total, Total, Total, Iasi, Anul 2024, Numar persoane, 778694
Total, Total, Total, Iasi, Anul 2025, Numar persoane, 780271
Total, Total, Total, Neamt, Anul 2012, Numar persoane, 468429
Total, Total, Total, Neamt, Anul 2013, Numar persoane, 464758
Total, Total, Total, Neamt, Anul 2014, Numar persoane, 462109
Total, Total, Total, Neamt, Anul 2015, Numar persoane, 459457
Total, Total, Total, Neamt, Anul 2016, Numar persoane, 455643
Total, Total, Total, Neamt, Anul 2017, Numar persoane, 451544
Total, Total, Total, Neamt, Anul 2018, Numar persoane, 447232
Total, Total, Total, Neamt, Anul 2019, Numar persoane, 442132
Total, Total, Total, Neamt, Anul 2020, Numar persoane, 439179
Total, Total, Total, Neamt, Anul 2021, Numar persoane, 433852
Total, Total, Total, Neamt, Anul 2022, Numar persoane, 452057
Total, Total, Total, Neamt, Anul 2023, Numar persoane, 449345
Total, Total, Total, Neamt, Anul 2024, Numar persoane, 447780
Total, Total, Total, Neamt, Anul 2025, Numar persoane, 445750
Total, Total, Total, Suceava, Anul 2012, Numar persoane, 633658
Total, Total, Total, Suceava, Anul 2013, Numar persoane, 632210
Total, Total, Total, Suceava, Anul 2014, Numar persoane, 631760
Total, Total, Total, Suceava, Anul 2015, Numar persoane, 631309
Total, Total, Total, Suceava, Anul 2016, Numar persoane, 629733
Total, Total, Total, Suceava, Anul 2017, Numar persoane, 628316
Total, Total, Total, Suceava, Anul 2018, Numar persoane, 627439
Total, Total, Total, Suceava, Anul 2019, Numar persoane, 625969
Total, Total, Total, Suceava, Anul 2020, Numar persoane, 625431
Total, Total, Total, Suceava, Anul 2021, Numar persoane, 622665
Total, Total, Total, Suceava, Anul 2022, Numar persoane, 640816
Total, Total, Total, Suceava, Anul 2023, Numar persoane, 642275
Total, Total, Total, Suceava, Anul 2024, Numar persoane, 645298
Total, Total, Total, Suceava, Anul 2025, Numar persoane, 645930
Total, Total, Total, Vaslui, Anul 2012, Numar persoane, 394116
Total, Total, Total, Vaslui, Anul 2013, Numar persoane, 390387
Total, Total, Total, Vaslui, Anul 2014, Numar persoane, 389873
Total, Total, Total, Vaslui, Anul 2015, Numar persoane, 390015
Total, Total, Total, Vaslui, Anul 2016, Numar persoane, 387525
Total, Total, Total, Vaslui, Anul 2017, Numar persoane, 383924
Total, Total, Total, Vaslui, Anul 2018, Numar persoane, 379987
Total, Total, Total, Vaslui, Anul 2019, Numar persoane, 374303
Total, Total, Total, Vaslui, Anul 2020, Numar persoane, 373127
Total, Total, Total, Vaslui, Anul 2021, Numar persoane, 369345
Total, Total, Total, Vaslui, Anul 2022, Numar persoane, 372861
Total, Total, Total, Vaslui, Anul 2023, Numar persoane, 371464
Total, Total, Total, Vaslui, Anul 2024, Numar persoane, 369378
Total, Total, Total, Vaslui, Anul 2025, Numar persoane, 365977
Total, Total, Total, Braila, Anul 2012, Numar persoane, 319674
Total, Total, Total, Braila, Anul 2013, Numar persoane, 315598
Total, Total, Total, Braila, Anul 2014, Numar persoane, 312152
Total, Total, Total, Braila, Anul 2015, Numar persoane, 308203
Total, Total, Total, Braila, Anul 2016, Numar persoane, 303608
Total, Total, Total, Braila, Anul 2017, Numar persoane, 299087
Total, Total, Total, Braila, Anul 2018, Numar persoane, 294097
Total, Total, Total, Braila, Anul 2019, Numar persoane, 289534
Total, Total, Total, Braila, Anul 2020, Numar persoane, 286021
Total, Total, Total, Braila, Anul 2021, Numar persoane, 280796
Total, Total, Total, Braila, Anul 2022, Numar persoane, 280196
Total, Total, Total, Braila, Anul 2023, Numar persoane, 277021
Total, Total, Total, Braila, Anul 2024, Numar persoane, 274765
Total, Total, Total, Braila, Anul 2025, Numar persoane, 271655
Total, Total, Total, Buzau, Anul 2012, Numar persoane, 449218
Total, Total, Total, Buzau, Anul 2013, Numar persoane, 444993
Total, Total, Total, Buzau, Anul 2014, Numar persoane, 441016
Total, Total, Total, Buzau, Anul 2015, Numar persoane, 436478
Total, Total, Total, Buzau, Anul 2016, Numar persoane, 431015
Total, Total, Total, Buzau, Anul 2017, Numar persoane, 425842
Total, Total, Total, Buzau, Anul 2018, Numar persoane, 419831
Total, Total, Total, Buzau, Anul 2019, Numar persoane, 413808
Total, Total, Total, Buzau, Anul 2020, Numar persoane, 409388
Total, Total, Total, Buzau, Anul 2021, Numar persoane, 403937
Total, Total, Total, Buzau, Anul 2022, Numar persoane, 403817
Total, Total, Total, Buzau, Anul 2023, Numar persoane, 400823
Total, Total, Total, Buzau, Anul 2024, Numar persoane, 398437
Total, Total, Total, Buzau, Anul 2025, Numar persoane, 395517
Total, Total, Total, Constanta, Anul 2012, Numar persoane, 683866
Total, Total, Total, Constanta, Anul 2013, Numar persoane, 684458
Total, Total, Total, Constanta, Anul 2014, Numar persoane, 684392
Total, Total, Total, Constanta, Anul 2015, Numar persoane, 683329
Total, Total, Total, Constanta, Anul 2016, Numar persoane, 681054
Total, Total, Total, Constanta, Anul 2017, Numar persoane, 678316
Total, Total, Total, Constanta, Anul 2018, Numar persoane, 676095
Total, Total, Total, Constanta, Anul 2019, Numar persoane, 673764
Total, Total, Total, Constanta, Anul 2020, Numar persoane, 672451
Total, Total, Total, Constanta, Anul 2021, Numar persoane, 668329
Total, Total, Total, Constanta, Anul 2022, Numar persoane, 656017
Total, Total, Total, Constanta, Anul 2023, Numar persoane, 657055
Total, Total, Total, Constanta, Anul 2024, Numar persoane, 657415
Total, Total, Total, Constanta, Anul 2025, Numar persoane, 656082
Total, Total, Total, Galati, Anul 2012, Numar persoane, 534577
Total, Total, Total, Galati, Anul 2013, Numar persoane, 530914
Total, Total, Total, Galati, Anul 2014, Numar persoane, 528216
Total, Total, Total, Galati, Anul 2015, Numar persoane, 524751
Total, Total, Total, Galati, Anul 2016, Numar persoane, 520058
Total, Total, Total, Galati, Anul 2017, Numar persoane, 515297
Total, Total, Total, Galati, Anul 2018, Numar persoane, 510865
Total, Total, Total, Galati, Anul 2019, Numar persoane, 506135
Total, Total, Total, Galati, Anul 2020, Numar persoane, 503506
Total, Total, Total, Galati, Anul 2021, Numar persoane, 499364
Total, Total, Total, Galati, Anul 2022, Numar persoane, 495030
Total, Total, Total, Galati, Anul 2023, Numar persoane, 494280
Total, Total, Total, Galati, Anul 2024, Numar persoane, 492978
Total, Total, Total, Galati, Anul 2025, Numar persoane, 489056
Total, Total, Total, Tulcea, Anul 2012, Numar persoane, 212012
Total, Total, Total, Tulcea, Anul 2013, Numar persoane, 210119
Total, Total, Total, Tulcea, Anul 2014, Numar persoane, 208289
Total, Total, Total, Tulcea, Anul 2015, Numar persoane, 206013
Total, Total, Total, Tulcea, Anul 2016, Numar persoane, 203196
Total, Total, Total, Tulcea, Anul 2017, Numar persoane, 200706
Total, Total, Total, Tulcea, Anul 2018, Numar persoane, 197734
Total, Total, Total, Tulcea, Anul 2019, Numar persoane, 194439
Total, Total, Total, Tulcea, Anul 2020, Numar persoane, 192163
Total, Total, Total, Tulcea, Anul 2021, Numar persoane, 189747
Total, Total, Total, Tulcea, Anul 2022, Numar persoane, 192566
Total, Total, Total, Tulcea, Anul 2023, Numar persoane, 190994
Total, Total, Total, Tulcea, Anul 2024, Numar persoane, 189340
Total, Total, Total, Tulcea, Anul 2025, Numar persoane, 187619
Total, Total, Total, Vrancea, Anul 2012, Numar persoane, 339602
Total, Total, Total, Vrancea, Anul 2013, Numar persoane, 337272
Total, Total, Total, Vrancea, Anul 2014, Numar persoane, 335738
Total, Total, Total, Vrancea, Anul 2015, Numar persoane, 333808
Total, Total, Total, Vrancea, Anul 2016, Numar persoane, 330937
Total, Total, Total, Vrancea, Anul 2017, Numar persoane, 328057
Total, Total, Total, Vrancea, Anul 2018, Numar persoane, 324437
Total, Total, Total, Vrancea, Anul 2019, Numar persoane, 320722
Total, Total, Total, Vrancea, Anul 2020, Numar persoane, 317778
Total, Total, Total, Vrancea, Anul 2021, Numar persoane, 314494
Total, Total, Total, Vrancea, Anul 2022, Numar persoane, 334066
Total, Total, Total, Vrancea, Anul 2023, Numar persoane, 333154
Total, Total, Total, Vrancea, Anul 2024, Numar persoane, 332473
Total, Total, Total, Vrancea, Anul 2025, Numar persoane, 331236
Total, Total, Total, Arges, Anul 2012, Numar persoane, 611024
Total, Total, Total, Arges, Anul 2013, Numar persoane, 606789
Total, Total, Total, Arges, Anul 2014, Numar persoane, 604153
Total, Total, Total, Arges, Anul 2015, Numar persoane, 600301
Total, Total, Total, Arges, Anul 2016, Numar persoane, 595764
Total, Total, Total, Arges, Anul 2017, Numar persoane, 590522
Total, Total, Total, Arges, Anul 2018, Numar persoane, 585713
Total, Total, Total, Arges, Anul 2019, Numar persoane, 579904
Total, Total, Total, Arges, Anul 2020, Numar persoane, 575197
Total, Total, Total, Arges, Anul 2021, Numar persoane, 567851
Total, Total, Total, Arges, Anul 2022, Numar persoane, 566913
Total, Total, Total, Arges, Anul 2023, Numar persoane, 565747
Total, Total, Total, Arges, Anul 2024, Numar persoane, 564941
Total, Total, Total, Arges, Anul 2025, Numar persoane, 561990
Total, Total, Total, Calarasi, Anul 2012, Numar persoane, 305779
Total, Total, Total, Calarasi, Anul 2013, Numar persoane, 303881
Total, Total, Total, Calarasi, Anul 2014, Numar persoane, 301326
Total, Total, Total, Calarasi, Anul 2015, Numar persoane, 298763
Total, Total, Total, Calarasi, Anul 2016, Numar persoane, 295505
Total, Total, Total, Calarasi, Anul 2017, Numar persoane, 292841
Total, Total, Total, Calarasi, Anul 2018, Numar persoane, 288061
Total, Total, Total, Calarasi, Anul 2019, Numar persoane, 284393
Total, Total, Total, Calarasi, Anul 2020, Numar persoane, 280483
Total, Total, Total, Calarasi, Anul 2021, Numar persoane, 278105
Total, Total, Total, Calarasi, Anul 2022, Numar persoane, 281980
Total, Total, Total, Calarasi, Anul 2023, Numar persoane, 280468
Total, Total, Total, Calarasi, Anul 2024, Numar persoane, 279342
Total, Total, Total, Calarasi, Anul 2025, Numar persoane, 278602
Total, Total, Total, Dambovita, Anul 2012, Numar persoane, 517657
Total, Total, Total, Dambovita, Anul 2013, Numar persoane, 515623
Total, Total, Total, Dambovita, Anul 2014, Numar persoane, 512741
Total, Total, Total, Dambovita, Anul 2015, Numar persoane, 509552
Total, Total, Total, Dambovita, Anul 2016, Numar persoane, 505219
Total, Total, Total, Dambovita, Anul 2017, Numar persoane, 501269
Total, Total, Total, Dambovita, Anul 2018, Numar persoane, 496213
Total, Total, Total, Dambovita, Anul 2019, Numar persoane, 491368
Total, Total, Total, Dambovita, Anul 2020, Numar persoane, 487387
Total, Total, Total, Dambovita, Anul 2021, Numar persoane, 483351
Total, Total, Total, Dambovita, Anul 2022, Numar persoane, 478599
Total, Total, Total, Dambovita, Anul 2023, Numar persoane, 477197
Total, Total, Total, Dambovita, Anul 2024, Numar persoane, 476942
Total, Total, Total, Dambovita, Anul 2025, Numar persoane, 476523
Total, Total, Total, Giurgiu, Anul 2012, Numar persoane, 281295
Total, Total, Total, Giurgiu, Anul 2013, Numar persoane, 281989
Total, Total, Total, Giurgiu, Anul 2014, Numar persoane, 278473
Total, Total, Total, Giurgiu, Anul 2015, Numar persoane, 276664
Total, Total, Total, Giurgiu, Anul 2016, Numar persoane, 274570
Total, Total, Total, Giurgiu, Anul 2017, Numar persoane, 273989
Total, Total, Total, Giurgiu, Anul 2018, Numar persoane, 269239
Total, Total, Total, Giurgiu, Anul 2019, Numar persoane, 266207
Total, Total, Total, Giurgiu, Anul 2020, Numar persoane, 263329
Total, Total, Total, Giurgiu, Anul 2021, Numar persoane, 261109
Total, Total, Total, Giurgiu, Anul 2022, Numar persoane, 260203
Total, Total, Total, Giurgiu, Anul 2023, Numar persoane, 258751
Total, Total, Total, Giurgiu, Anul 2024, Numar persoane, 258711
Total, Total, Total, Giurgiu, Anul 2025, Numar persoane, 261198
Total, Total, Total, Ialomita, Anul 2012, Numar persoane, 273317
Total, Total, Total, Ialomita, Anul 2013, Numar persoane, 271030
Total, Total, Total, Ialomita, Anul 2014, Numar persoane, 269386
Total, Total, Total, Ialomita, Anul 2015, Numar persoane, 267230
Total, Total, Total, Ialomita, Anul 2016, Numar persoane, 264733
Total, Total, Total, Ialomita, Anul 2017, Numar persoane, 262237
Total, Total, Total, Ialomita, Anul 2018, Numar persoane, 259143
Total, Total, Total, Ialomita, Anul 2019, Numar persoane, 256499
Total, Total, Total, Ialomita, Anul 2020, Numar persoane, 255032
Total, Total, Total, Ialomita, Anul 2021, Numar persoane, 252735
Total, Total, Total, Ialomita, Anul 2022, Numar persoane, 250451
Total, Total, Total, Ialomita, Anul 2023, Numar persoane, 249852
Total, Total, Total, Ialomita, Anul 2024, Numar persoane, 249350
Total, Total, Total, Ialomita, Anul 2025, Numar persoane, 248786
Total, Total, Total, Prahova, Anul 2012, Numar persoane, 761699
Total, Total, Total, Prahova, Anul 2013, Numar persoane, 756635
Total, Total, Total, Prahova, Anul 2014, Numar persoane, 752405
Total, Total, Total, Prahova, Anul 2015, Numar persoane, 747634
Total, Total, Total, Prahova, Anul 2016, Numar persoane, 740483
Total, Total, Total, Prahova, Anul 2017, Numar persoane, 732847
Total, Total, Total, Prahova, Anul 2018, Numar persoane, 725599
Total, Total, Total, Prahova, Anul 2019, Numar persoane, 718098
Total, Total, Total, Prahova, Anul 2020, Numar persoane, 712725
Total, Total, Total, Prahova, Anul 2021, Numar persoane, 703580
Total, Total, Total, Prahova, Anul 2022, Numar persoane, 694502
Total, Total, Total, Prahova, Anul 2023, Numar persoane, 691246
Total, Total, Total, Prahova, Anul 2024, Numar persoane, 689025
Total, Total, Total, Prahova, Anul 2025, Numar persoane, 685562
Total, Total, Total, Teleorman, Anul 2012, Numar persoane, 378028
Total, Total, Total, Teleorman, Anul 2013, Numar persoane, 372203
Total, Total, Total, Teleorman, Anul 2014, Numar persoane, 367239
Total, Total, Total, Teleorman, Anul 2015, Numar persoane, 361615
Total, Total, Total, Teleorman, Anul 2016, Numar persoane, 355281
Total, Total, Total, Teleorman, Anul 2017, Numar persoane, 349628
Total, Total, Total, Teleorman, Anul 2018, Numar persoane, 341447
Total, Total, Total, Teleorman, Anul 2019, Numar persoane, 334217
Total, Total, Total, Teleorman, Anul 2020, Numar persoane, 329058
Total, Total, Total, Teleorman, Anul 2021, Numar persoane, 324405
Total, Total, Total, Teleorman, Anul 2022, Numar persoane, 322245
Total, Total, Total, Teleorman, Anul 2023, Numar persoane, 318043
Total, Total, Total, Teleorman, Anul 2024, Numar persoane, 315505
Total, Total, Total, Teleorman, Anul 2025, Numar persoane, 313033
Total, Total, Total, Ilfov, Anul 2012, Numar persoane, 392279
Total, Total, Total, Ilfov, Anul 2013, Numar persoane, 406855
Total, Total, Total, Ilfov, Anul 2014, Numar persoane, 417850
Total, Total, Total, Ilfov, Anul 2015, Numar persoane, 430805
Total, Total, Total, Ilfov, Anul 2016, Numar persoane, 444241
Total, Total, Total, Ilfov, Anul 2017, Numar persoane, 460486
Total, Total, Total, Ilfov, Anul 2018, Numar persoane, 473422
Total, Total, Total, Ilfov, Anul 2019, Numar persoane, 485307
Total, Total, Total, Ilfov, Anul 2020, Numar persoane, 486869
Total, Total, Total, Ilfov, Anul 2021, Numar persoane, 503675
Total, Total, Total, Ilfov, Anul 2022, Numar persoane, 545407
Total, Total, Total, Ilfov, Anul 2023, Numar persoane, 564833
Total, Total, Total, Ilfov, Anul 2024, Numar persoane, 583639
Total, Total, Total, Ilfov, Anul 2025, Numar persoane, 604264
Total, Total, Total, Municipiul Bucuresti, Anul 2012, Numar persoane, 1886866
Total, Total, Total, Municipiul Bucuresti, Anul 2013, Numar persoane, 1875389
Total, Total, Total, Municipiul Bucuresti, Anul 2014, Numar persoane, 1865563
Total, Total, Total, Municipiul Bucuresti, Anul 2015, Numar persoane, 1853638
Total, Total, Total, Municipiul Bucuresti, Anul 2016, Numar persoane, 1843962
Total, Total, Total, Municipiul Bucuresti, Anul 2017, Numar persoane, 1826579
Total, Total, Total, Municipiul Bucuresti, Anul 2018, Numar persoane, 1828869
Total, Total, Total, Municipiul Bucuresti, Anul 2019, Numar persoane, 1832802
Total, Total, Total, Municipiul Bucuresti, Anul 2020, Numar persoane, 1841052
Total, Total, Total, Municipiul Bucuresti, Anul 2021, Numar persoane, 1828781
Total, Total, Total, Municipiul Bucuresti, Anul 2022, Numar persoane, 1722974
Total, Total, Total, Municipiul Bucuresti, Anul 2023, Numar persoane, 1724966
Total, Total, Total, Municipiul Bucuresti, Anul 2024, Numar persoane, 1721475
Total, Total, Total, Municipiul Bucuresti, Anul 2025, Numar persoane, 1709191
Total, Total, Total, Dolj, Anul 2012, Numar persoane, 659016
Total, Total, Total, Dolj, Anul 2013, Numar persoane, 654456
Total, Total, Total, Dolj, Anul 2014, Numar persoane, 650767
Total, Total, Total, Dolj, Anul 2015, Numar persoane, 646620
Total, Total, Total, Dolj, Anul 2016, Numar persoane, 641040
Total, Total, Total, Dolj, Anul 2017, Numar persoane, 635606
Total, Total, Total, Dolj, Anul 2018, Numar persoane, 631026
Total, Total, Total, Dolj, Anul 2019, Numar persoane, 626017
Total, Total, Total, Dolj, Anul 2020, Numar persoane, 622148
Total, Total, Total, Dolj, Anul 2021, Numar persoane, 616653
Total, Total, Total, Dolj, Anul 2022, Numar persoane, 599580
Total, Total, Total, Dolj, Anul 2023, Numar persoane, 599631
Total, Total, Total, Dolj, Anul 2024, Numar persoane, 598436
Total, Total, Total, Dolj, Anul 2025, Numar persoane, 595229
Total, Total, Total, Gorj, Anul 2012, Numar persoane, 340030
Total, Total, Total, Gorj, Anul 2013, Numar persoane, 336995
Total, Total, Total, Gorj, Anul 2014, Numar persoane, 334849
Total, Total, Total, Gorj, Anul 2015, Numar persoane, 331428
Total, Total, Total, Gorj, Anul 2016, Numar persoane, 327537
Total, Total, Total, Gorj, Anul 2017, Numar persoane, 323634
Total, Total, Total, Gorj, Anul 2018, Numar persoane, 319903
Total, Total, Total, Gorj, Anul 2019, Numar persoane, 315508
Total, Total, Total, Gorj, Anul 2020, Numar persoane, 312035
Total, Total, Total, Gorj, Anul 2021, Numar persoane, 307972
Total, Total, Total, Gorj, Anul 2022, Numar persoane, 313025
Total, Total, Total, Gorj, Anul 2023, Numar persoane, 311301
Total, Total, Total, Gorj, Anul 2024, Numar persoane, 310055
Total, Total, Total, Gorj, Anul 2025, Numar persoane, 307702
Total, Total, Total, Mehedinti, Anul 2012, Numar persoane, 264338
Total, Total, Total, Mehedinti, Anul 2013, Numar persoane, 261670
Total, Total, Total, Mehedinti, Anul 2014, Numar persoane, 259026
Total, Total, Total, Mehedinti, Anul 2015, Numar persoane, 256011
Total, Total, Total, Mehedinti, Anul 2016, Numar persoane, 252600
Total, Total, Total, Mehedinti, Anul 2017, Numar persoane, 249336
Total, Total, Total, Mehedinti, Anul 2018, Numar persoane, 244960
Total, Total, Total, Mehedinti, Anul 2019, Numar persoane, 241153
Total, Total, Total, Mehedinti, Anul 2020, Numar persoane, 238830
Total, Total, Total, Mehedinti, Anul 2021, Numar persoane, 236362
Total, Total, Total, Mehedinti, Anul 2022, Numar persoane, 233636
Total, Total, Total, Mehedinti, Anul 2023, Numar persoane, 231398
Total, Total, Total, Mehedinti, Anul 2024, Numar persoane, 230083
Total, Total, Total, Mehedinti, Anul 2025, Numar persoane, 229220
Total, Total, Total, Olt, Anul 2012, Numar persoane, 433839
Total, Total, Total, Olt, Anul 2013, Numar persoane, 428160
Total, Total, Total, Olt, Anul 2014, Numar persoane, 423445
Total, Total, Total, Olt, Anul 2015, Numar persoane, 418463
Total, Total, Total, Olt, Anul 2016, Numar persoane, 412491
Total, Total, Total, Olt, Anul 2017, Numar persoane, 407717
Total, Total, Total, Olt, Anul 2018, Numar persoane, 400763
Total, Total, Total, Olt, Anul 2019, Numar persoane, 394448
Total, Total, Total, Olt, Anul 2020, Numar persoane, 389906
Total, Total, Total, Olt, Anul 2021, Numar persoane, 385935
Total, Total, Total, Olt, Anul 2022, Numar persoane, 381731
Total, Total, Total, Olt, Anul 2023, Numar persoane, 378567
Total, Total, Total, Olt, Anul 2024, Numar persoane, 376567
Total, Total, Total, Olt, Anul 2025, Numar persoane, 375641
Total, Total, Total, Valcea, Anul 2012, Numar persoane, 370134
Total, Total, Total, Valcea, Anul 2013, Numar persoane, 367421
Total, Total, Total, Valcea, Anul 2014, Numar persoane, 365697
Total, Total, Total, Valcea, Anul 2015, Numar persoane, 363270
Total, Total, Total, Valcea, Anul 2016, Numar persoane, 359814
Total, Total, Total, Valcea, Anul 2017, Numar persoane, 356647
Total, Total, Total, Valcea, Anul 2018, Numar persoane, 353161
Total, Total, Total, Valcea, Anul 2019, Numar persoane, 350089
Total, Total, Total, Valcea, Anul 2020, Numar persoane, 348495
Total, Total, Total, Valcea, Anul 2021, Numar persoane, 346039
Total, Total, Total, Valcea, Anul 2022, Numar persoane, 341630
Total, Total, Total, Valcea, Anul 2023, Numar persoane, 340914
Total, Total, Total, Valcea, Anul 2024, Numar persoane, 340679
Total, Total, Total, Valcea, Anul 2025, Numar persoane, 340236
Total, Total, Total, Arad, Anul 2012, Numar persoane, 430683
Total, Total, Total, Arad, Anul 2013, Numar persoane, 429625
Total, Total, Total, Arad, Anul 2014, Numar persoane, 428079
Total, Total, Total, Arad, Anul 2015, Numar persoane, 426517
Total, Total, Total, Arad, Anul 2016, Numar persoane, 424075
Total, Total, Total, Arad, Anul 2017, Numar persoane, 421954
Total, Total, Total, Arad, Anul 2018, Numar persoane, 419135
Total, Total, Total, Arad, Anul 2019, Numar persoane, 417274
Total, Total, Total, Arad, Anul 2020, Numar persoane, 415914
Total, Total, Total, Arad, Anul 2021, Numar persoane, 413035
Total, Total, Total, Arad, Anul 2022, Numar persoane, 410282
Total, Total, Total, Arad, Anul 2023, Numar persoane, 410451
Total, Total, Total, Arad, Anul 2024, Numar persoane, 410908
Total, Total, Total, Arad, Anul 2025, Numar persoane, 410320
Total, Total, Total, Caras-Severin, Anul 2012, Numar persoane, 294575
Total, Total, Total, Caras-Severin, Anul 2013, Numar persoane, 291874
Total, Total, Total, Caras-Severin, Anul 2014, Numar persoane, 289011
Total, Total, Total, Caras-Severin, Anul 2015, Numar persoane, 286205
Total, Total, Total, Caras-Severin, Anul 2016, Numar persoane, 282467
Total, Total, Total, Caras-Severin, Anul 2017, Numar persoane, 279123
Total, Total, Total, Caras-Severin, Anul 2018, Numar persoane, 275041
Total, Total, Total, Caras-Severin, Anul 2019, Numar persoane, 271379
Total, Total, Total, Caras-Severin, Anul 2020, Numar persoane, 269810
Total, Total, Total, Caras-Severin, Anul 2021, Numar persoane, 266592
Total, Total, Total, Caras-Severin, Anul 2022, Numar persoane, 246319
Total, Total, Total, Caras-Severin, Anul 2023, Numar persoane, 244904
Total, Total, Total, Caras-Severin, Anul 2024, Numar persoane, 243706
Total, Total, Total, Caras-Severin, Anul 2025, Numar persoane, 242232
Total, Total, Total, Hunedoara, Anul 2012, Numar persoane, 417008
Total, Total, Total, Hunedoara, Anul 2013, Numar persoane, 412336
Total, Total, Total, Hunedoara, Anul 2014, Numar persoane, 408002
Total, Total, Total, Hunedoara, Anul 2015, Numar persoane, 403701
Total, Total, Total, Hunedoara, Anul 2016, Numar persoane, 398950
Total, Total, Total, Hunedoara, Anul 2017, Numar persoane, 393198
Total, Total, Total, Hunedoara, Anul 2018, Numar persoane, 388614
Total, Total, Total, Hunedoara, Anul 2019, Numar persoane, 383787
Total, Total, Total, Hunedoara, Anul 2020, Numar persoane, 380511
Total, Total, Total, Hunedoara, Anul 2021, Numar persoane, 374298
Total, Total, Total, Hunedoara, Anul 2022, Numar persoane, 360692
Total, Total, Total, Hunedoara, Anul 2023, Numar persoane, 357563
Total, Total, Total, Hunedoara, Anul 2024, Numar persoane, 354884
Total, Total, Total, Hunedoara, Anul 2025, Numar persoane, 351253
Total, Total, Total, Timis, Anul 2012, Numar persoane, 685821
Total, Total, Total, Timis, Anul 2013, Numar persoane, 690763
Total, Total, Total, Timis, Anul 2014, Numar persoane, 693271
Total, Total, Total, Timis, Anul 2015, Numar persoane, 695760
Total, Total, Total, Timis, Anul 2016, Numar persoane, 696720
Total, Total, Total, Timis, Anul 2017, Numar persoane, 698275
Total, Total, Total, Timis, Anul 2018, Numar persoane, 701506
Total, Total, Total, Timis, Anul 2019, Numar persoane, 705292
Total, Total, Total, Timis, Anul 2020, Numar persoane, 706585
Total, Total, Total, Timis, Anul 2021, Numar persoane, 706497
Total, Total, Total, Timis, Anul 2022, Numar persoane, 652238
Total, Total, Total, Timis, Anul 2023, Numar persoane, 658515
Total, Total, Total, Timis, Anul 2024, Numar persoane, 663452
Total, Total, Total, Timis, Anul 2025, Numar persoane, 667225
