Niveluri de educatie, Forme de invatamant, Macroregiuni  regiuni de dezvoltare si judete, Ani, UM: Numar persoane, Valoare
Invatamant universitar - absolventi cu diploma (licenta  master  cursuri postuniversitare  doctorat si programe postdoctorale de cercetare avansata), Total, Bihor, Anul 2014, Numar persoane, 4021
Invatamant universitar - absolventi cu diploma (licenta  master  cursuri postuniversitare  doctorat si programe postdoctorale de cercetare avansata), Total, Bihor, Anul 2015, Numar persoane, 3710
Invatamant universitar - absolventi cu diploma (licenta  master  cursuri postuniversitare  doctorat si programe postdoctorale de cercetare avansata), Total, Bihor, Anul 2016, Numar persoane, 3486
Invatamant universitar - absolventi cu diploma (licenta  master  cursuri postuniversitare  doctorat si programe postdoctorale de cercetare avansata), Total, Bihor, Anul 2017, Numar persoane, 3752
Invatamant universitar - absolventi cu diploma (licenta  master  cursuri postuniversitare  doctorat si programe postdoctorale de cercetare avansata), Total, Bihor, Anul 2018, Numar persoane, 3557
Invatamant universitar - absolventi cu diploma (licenta  master  cursuri postuniversitare  doctorat si programe postdoctorale de cercetare avansata), Total, Bihor, Anul 2019, Numar persoane, 3687
Invatamant universitar - absolventi cu diploma (licenta  master  cursuri postuniversitare  doctorat si programe postdoctorale de cercetare avansata), Total, Bihor, Anul 2020, Numar persoane, 3795
Invatamant universitar - absolventi cu diploma (licenta  master  cursuri postuniversitare  doctorat si programe postdoctorale de cercetare avansata), Total, Bihor, Anul 2021, Numar persoane, 3703
Invatamant universitar - absolventi cu diploma (licenta  master  cursuri postuniversitare  doctorat si programe postdoctorale de cercetare avansata), Total, Bihor, Anul 2022, Numar persoane, 3993
Invatamant universitar - absolventi cu diploma (licenta  master  cursuri postuniversitare  doctorat si programe postdoctorale de cercetare avansata), Total, Bihor, Anul 2023, Numar persoane, 3882
Invatamant universitar - absolventi cu diploma (licenta  master  cursuri postuniversitare  doctorat si programe postdoctorale de cercetare avansata), Total, Bistrita-Nasaud, Anul 2014, Numar persoane, 347
Invatamant universitar - absolventi cu diploma (licenta  master  cursuri postuniversitare  doctorat si programe postdoctorale de cercetare avansata), Total, Bistrita-Nasaud, Anul 2015, Numar persoane, 266
Invatamant universitar - absolventi cu diploma (licenta  master  cursuri postuniversitare  doctorat si programe postdoctorale de cercetare avansata), Total, Bistrita-Nasaud, Anul 2016, Numar persoane, 275
Invatamant universitar - absolventi cu diploma (licenta  master  cursuri postuniversitare  doctorat si programe postdoctorale de cercetare avansata), Total, Bistrita-Nasaud, Anul 2017, Numar persoane, 287
Invatamant universitar - absolventi cu diploma (licenta  master  cursuri postuniversitare  doctorat si programe postdoctorale de cercetare avansata), Total, Bistrita-Nasaud, Anul 2018, Numar persoane, 331
Invatamant universitar - absolventi cu diploma (licenta  master  cursuri postuniversitare  doctorat si programe postdoctorale de cercetare avansata), Total, Bistrita-Nasaud, Anul 2019, Numar persoane, 313
Invatamant universitar - absolventi cu diploma (licenta  master  cursuri postuniversitare  doctorat si programe postdoctorale de cercetare avansata), Total, Bistrita-Nasaud, Anul 2020, Numar persoane, 267
Invatamant universitar - absolventi cu diploma (licenta  master  cursuri postuniversitare  doctorat si programe postdoctorale de cercetare avansata), Total, Bistrita-Nasaud, Anul 2021, Numar persoane, 314
Invatamant universitar - absolventi cu diploma (licenta  master  cursuri postuniversitare  doctorat si programe postdoctorale de cercetare avansata), Total, Bistrita-Nasaud, Anul 2022, Numar persoane, 248
Invatamant universitar - absolventi cu diploma (licenta  master  cursuri postuniversitare  doctorat si programe postdoctorale de cercetare avansata), Total, Bistrita-Nasaud, Anul 2023, Numar persoane, 293
Invatamant universitar - absolventi cu diploma (licenta  master  cursuri postuniversitare  doctorat si programe postdoctorale de cercetare avansata), Total, Cluj, Anul 2014, Numar persoane, 14161
Invatamant universitar - absolventi cu diploma (licenta  master  cursuri postuniversitare  doctorat si programe postdoctorale de cercetare avansata), Total, Cluj, Anul 2015, Numar persoane, 13603
Invatamant universitar - absolventi cu diploma (licenta  master  cursuri postuniversitare  doctorat si programe postdoctorale de cercetare avansata), Total, Cluj, Anul 2016, Numar persoane, 13425
Invatamant universitar - absolventi cu diploma (licenta  master  cursuri postuniversitare  doctorat si programe postdoctorale de cercetare avansata), Total, Cluj, Anul 2017, Numar persoane, 14151
Invatamant universitar - absolventi cu diploma (licenta  master  cursuri postuniversitare  doctorat si programe postdoctorale de cercetare avansata), Total, Cluj, Anul 2018, Numar persoane, 14339
Invatamant universitar - absolventi cu diploma (licenta  master  cursuri postuniversitare  doctorat si programe postdoctorale de cercetare avansata), Total, Cluj, Anul 2019, Numar persoane, 15852
Invatamant universitar - absolventi cu diploma (licenta  master  cursuri postuniversitare  doctorat si programe postdoctorale de cercetare avansata), Total, Cluj, Anul 2020, Numar persoane, 15911
Invatamant universitar - absolventi cu diploma (licenta  master  cursuri postuniversitare  doctorat si programe postdoctorale de cercetare avansata), Total, Cluj, Anul 2021, Numar persoane, 14916
Invatamant universitar - absolventi cu diploma (licenta  master  cursuri postuniversitare  doctorat si programe postdoctorale de cercetare avansata), Total, Cluj, Anul 2022, Numar persoane, 15174
Invatamant universitar - absolventi cu diploma (licenta  master  cursuri postuniversitare  doctorat si programe postdoctorale de cercetare avansata), Total, Cluj, Anul 2023, Numar persoane, 15372
Invatamant universitar - absolventi cu diploma (licenta  master  cursuri postuniversitare  doctorat si programe postdoctorale de cercetare avansata), Total, Maramures, Anul 2014, Numar persoane, 1293
Invatamant universitar - absolventi cu diploma (licenta  master  cursuri postuniversitare  doctorat si programe postdoctorale de cercetare avansata), Total, Maramures, Anul 2015, Numar persoane, 1276
Invatamant universitar - absolventi cu diploma (licenta  master  cursuri postuniversitare  doctorat si programe postdoctorale de cercetare avansata), Total, Maramures, Anul 2016, Numar persoane, 1240
Invatamant universitar - absolventi cu diploma (licenta  master  cursuri postuniversitare  doctorat si programe postdoctorale de cercetare avansata), Total, Maramures, Anul 2017, Numar persoane, 1250
Invatamant universitar - absolventi cu diploma (licenta  master  cursuri postuniversitare  doctorat si programe postdoctorale de cercetare avansata), Total, Maramures, Anul 2018, Numar persoane, 1248
Invatamant universitar - absolventi cu diploma (licenta  master  cursuri postuniversitare  doctorat si programe postdoctorale de cercetare avansata), Total, Maramures, Anul 2019, Numar persoane, 1327
Invatamant universitar - absolventi cu diploma (licenta  master  cursuri postuniversitare  doctorat si programe postdoctorale de cercetare avansata), Total, Maramures, Anul 2020, Numar persoane, 1223
Invatamant universitar - absolventi cu diploma (licenta  master  cursuri postuniversitare  doctorat si programe postdoctorale de cercetare avansata), Total, Maramures, Anul 2021, Numar persoane, 1202
Invatamant universitar - absolventi cu diploma (licenta  master  cursuri postuniversitare  doctorat si programe postdoctorale de cercetare avansata), Total, Maramures, Anul 2022, Numar persoane, 1210
Invatamant universitar - absolventi cu diploma (licenta  master  cursuri postuniversitare  doctorat si programe postdoctorale de cercetare avansata), Total, Maramures, Anul 2023, Numar persoane, 1235
Invatamant universitar - absolventi cu diploma (licenta  master  cursuri postuniversitare  doctorat si programe postdoctorale de cercetare avansata), Total, Satu Mare, Anul 2014, Numar persoane, 262
Invatamant universitar - absolventi cu diploma (licenta  master  cursuri postuniversitare  doctorat si programe postdoctorale de cercetare avansata), Total, Satu Mare, Anul 2015, Numar persoane, 155
Invatamant universitar - absolventi cu diploma (licenta  master  cursuri postuniversitare  doctorat si programe postdoctorale de cercetare avansata), Total, Satu Mare, Anul 2016, Numar persoane, 310
Invatamant universitar - absolventi cu diploma (licenta  master  cursuri postuniversitare  doctorat si programe postdoctorale de cercetare avansata), Total, Satu Mare, Anul 2017, Numar persoane, 322
Invatamant universitar - absolventi cu diploma (licenta  master  cursuri postuniversitare  doctorat si programe postdoctorale de cercetare avansata), Total, Satu Mare, Anul 2018, Numar persoane, 197
Invatamant universitar - absolventi cu diploma (licenta  master  cursuri postuniversitare  doctorat si programe postdoctorale de cercetare avansata), Total, Satu Mare, Anul 2019, Numar persoane, 235
Invatamant universitar - absolventi cu diploma (licenta  master  cursuri postuniversitare  doctorat si programe postdoctorale de cercetare avansata), Total, Satu Mare, Anul 2020, Numar persoane, 176
Invatamant universitar - absolventi cu diploma (licenta  master  cursuri postuniversitare  doctorat si programe postdoctorale de cercetare avansata), Total, Satu Mare, Anul 2021, Numar persoane, 205
Invatamant universitar - absolventi cu diploma (licenta  master  cursuri postuniversitare  doctorat si programe postdoctorale de cercetare avansata), Total, Satu Mare, Anul 2022, Numar persoane, 197
Invatamant universitar - absolventi cu diploma (licenta  master  cursuri postuniversitare  doctorat si programe postdoctorale de cercetare avansata), Total, Satu Mare, Anul 2023, Numar persoane, 181
Invatamant universitar - absolventi cu diploma (licenta  master  cursuri postuniversitare  doctorat si programe postdoctorale de cercetare avansata), Total, Salaj, Anul 2014, Numar persoane, 84
Invatamant universitar - absolventi cu diploma (licenta  master  cursuri postuniversitare  doctorat si programe postdoctorale de cercetare avansata), Total, Salaj, Anul 2015, Numar persoane, 92
Invatamant universitar - absolventi cu diploma (licenta  master  cursuri postuniversitare  doctorat si programe postdoctorale de cercetare avansata), Total, Salaj, Anul 2016, Numar persoane, 70
Invatamant universitar - absolventi cu diploma (licenta  master  cursuri postuniversitare  doctorat si programe postdoctorale de cercetare avansata), Total, Salaj, Anul 2017, Numar persoane, 72
Invatamant universitar - absolventi cu diploma (licenta  master  cursuri postuniversitare  doctorat si programe postdoctorale de cercetare avansata), Total, Salaj, Anul 2018, Numar persoane, 70
Invatamant universitar - absolventi cu diploma (licenta  master  cursuri postuniversitare  doctorat si programe postdoctorale de cercetare avansata), Total, Salaj, Anul 2019, Numar persoane, 99
Invatamant universitar - absolventi cu diploma (licenta  master  cursuri postuniversitare  doctorat si programe postdoctorale de cercetare avansata), Total, Salaj, Anul 2020, Numar persoane, 100
Invatamant universitar - absolventi cu diploma (licenta  master  cursuri postuniversitare  doctorat si programe postdoctorale de cercetare avansata), Total, Salaj, Anul 2021, Numar persoane, 96
Invatamant universitar - absolventi cu diploma (licenta  master  cursuri postuniversitare  doctorat si programe postdoctorale de cercetare avansata), Total, Salaj, Anul 2022, Numar persoane, 110
Invatamant universitar - absolventi cu diploma (licenta  master  cursuri postuniversitare  doctorat si programe postdoctorale de cercetare avansata), Total, Salaj, Anul 2023, Numar persoane, 96
Invatamant universitar - absolventi cu diploma (licenta  master  cursuri postuniversitare  doctorat si programe postdoctorale de cercetare avansata), Total, Alba, Anul 2014, Numar persoane, 1166
Invatamant universitar - absolventi cu diploma (licenta  master  cursuri postuniversitare  doctorat si programe postdoctorale de cercetare avansata), Total, Alba, Anul 2015, Numar persoane, 1200
Invatamant universitar - absolventi cu diploma (licenta  master  cursuri postuniversitare  doctorat si programe postdoctorale de cercetare avansata), Total, Alba, Anul 2016, Numar persoane, 1259
Invatamant universitar - absolventi cu diploma (licenta  master  cursuri postuniversitare  doctorat si programe postdoctorale de cercetare avansata), Total, Alba, Anul 2017, Numar persoane, 1368
Invatamant universitar - absolventi cu diploma (licenta  master  cursuri postuniversitare  doctorat si programe postdoctorale de cercetare avansata), Total, Alba, Anul 2018, Numar persoane, 1321
Invatamant universitar - absolventi cu diploma (licenta  master  cursuri postuniversitare  doctorat si programe postdoctorale de cercetare avansata), Total, Alba, Anul 2019, Numar persoane, 1492
Invatamant universitar - absolventi cu diploma (licenta  master  cursuri postuniversitare  doctorat si programe postdoctorale de cercetare avansata), Total, Alba, Anul 2020, Numar persoane, 1449
Invatamant universitar - absolventi cu diploma (licenta  master  cursuri postuniversitare  doctorat si programe postdoctorale de cercetare avansata), Total, Alba, Anul 2021, Numar persoane, 1435
Invatamant universitar - absolventi cu diploma (licenta  master  cursuri postuniversitare  doctorat si programe postdoctorale de cercetare avansata), Total, Alba, Anul 2022, Numar persoane, 1473
Invatamant universitar - absolventi cu diploma (licenta  master  cursuri postuniversitare  doctorat si programe postdoctorale de cercetare avansata), Total, Alba, Anul 2023, Numar persoane, 1405
Invatamant universitar - absolventi cu diploma (licenta  master  cursuri postuniversitare  doctorat si programe postdoctorale de cercetare avansata), Total, Brasov, Anul 2014, Numar persoane, 5186
Invatamant universitar - absolventi cu diploma (licenta  master  cursuri postuniversitare  doctorat si programe postdoctorale de cercetare avansata), Total, Brasov, Anul 2015, Numar persoane, 4558
Invatamant universitar - absolventi cu diploma (licenta  master  cursuri postuniversitare  doctorat si programe postdoctorale de cercetare avansata), Total, Brasov, Anul 2016, Numar persoane, 4532
Invatamant universitar - absolventi cu diploma (licenta  master  cursuri postuniversitare  doctorat si programe postdoctorale de cercetare avansata), Total, Brasov, Anul 2017, Numar persoane, 4588
Invatamant universitar - absolventi cu diploma (licenta  master  cursuri postuniversitare  doctorat si programe postdoctorale de cercetare avansata), Total, Brasov, Anul 2018, Numar persoane, 4823
Invatamant universitar - absolventi cu diploma (licenta  master  cursuri postuniversitare  doctorat si programe postdoctorale de cercetare avansata), Total, Brasov, Anul 2019, Numar persoane, 5071
Invatamant universitar - absolventi cu diploma (licenta  master  cursuri postuniversitare  doctorat si programe postdoctorale de cercetare avansata), Total, Brasov, Anul 2020, Numar persoane, 4956
Invatamant universitar - absolventi cu diploma (licenta  master  cursuri postuniversitare  doctorat si programe postdoctorale de cercetare avansata), Total, Brasov, Anul 2021, Numar persoane, 4916
Invatamant universitar - absolventi cu diploma (licenta  master  cursuri postuniversitare  doctorat si programe postdoctorale de cercetare avansata), Total, Brasov, Anul 2022, Numar persoane, 4794
Invatamant universitar - absolventi cu diploma (licenta  master  cursuri postuniversitare  doctorat si programe postdoctorale de cercetare avansata), Total, Brasov, Anul 2023, Numar persoane, 4930
Invatamant universitar - absolventi cu diploma (licenta  master  cursuri postuniversitare  doctorat si programe postdoctorale de cercetare avansata), Total, Covasna, Anul 2014, Numar persoane, 108
Invatamant universitar - absolventi cu diploma (licenta  master  cursuri postuniversitare  doctorat si programe postdoctorale de cercetare avansata), Total, Covasna, Anul 2015, Numar persoane, 89
Invatamant universitar - absolventi cu diploma (licenta  master  cursuri postuniversitare  doctorat si programe postdoctorale de cercetare avansata), Total, Covasna, Anul 2016, Numar persoane, 99
Invatamant universitar - absolventi cu diploma (licenta  master  cursuri postuniversitare  doctorat si programe postdoctorale de cercetare avansata), Total, Covasna, Anul 2017, Numar persoane, 88
Invatamant universitar - absolventi cu diploma (licenta  master  cursuri postuniversitare  doctorat si programe postdoctorale de cercetare avansata), Total, Covasna, Anul 2018, Numar persoane, 99
Invatamant universitar - absolventi cu diploma (licenta  master  cursuri postuniversitare  doctorat si programe postdoctorale de cercetare avansata), Total, Covasna, Anul 2019, Numar persoane, 102
Invatamant universitar - absolventi cu diploma (licenta  master  cursuri postuniversitare  doctorat si programe postdoctorale de cercetare avansata), Total, Covasna, Anul 2020, Numar persoane, 115
Invatamant universitar - absolventi cu diploma (licenta  master  cursuri postuniversitare  doctorat si programe postdoctorale de cercetare avansata), Total, Covasna, Anul 2021, Numar persoane, 102
Invatamant universitar - absolventi cu diploma (licenta  master  cursuri postuniversitare  doctorat si programe postdoctorale de cercetare avansata), Total, Covasna, Anul 2022, Numar persoane, 87
Invatamant universitar - absolventi cu diploma (licenta  master  cursuri postuniversitare  doctorat si programe postdoctorale de cercetare avansata), Total, Covasna, Anul 2023, Numar persoane, 116
Invatamant universitar - absolventi cu diploma (licenta  master  cursuri postuniversitare  doctorat si programe postdoctorale de cercetare avansata), Total, Harghita, Anul 2014, Numar persoane, 290
Invatamant universitar - absolventi cu diploma (licenta  master  cursuri postuniversitare  doctorat si programe postdoctorale de cercetare avansata), Total, Harghita, Anul 2015, Numar persoane, 262
Invatamant universitar - absolventi cu diploma (licenta  master  cursuri postuniversitare  doctorat si programe postdoctorale de cercetare avansata), Total, Harghita, Anul 2016, Numar persoane, 282
Invatamant universitar - absolventi cu diploma (licenta  master  cursuri postuniversitare  doctorat si programe postdoctorale de cercetare avansata), Total, Harghita, Anul 2017, Numar persoane, 273
Invatamant universitar - absolventi cu diploma (licenta  master  cursuri postuniversitare  doctorat si programe postdoctorale de cercetare avansata), Total, Harghita, Anul 2018, Numar persoane, 298
Invatamant universitar - absolventi cu diploma (licenta  master  cursuri postuniversitare  doctorat si programe postdoctorale de cercetare avansata), Total, Harghita, Anul 2019, Numar persoane, 349
Invatamant universitar - absolventi cu diploma (licenta  master  cursuri postuniversitare  doctorat si programe postdoctorale de cercetare avansata), Total, Harghita, Anul 2020, Numar persoane, 312
Invatamant universitar - absolventi cu diploma (licenta  master  cursuri postuniversitare  doctorat si programe postdoctorale de cercetare avansata), Total, Harghita, Anul 2021, Numar persoane, 313
Invatamant universitar - absolventi cu diploma (licenta  master  cursuri postuniversitare  doctorat si programe postdoctorale de cercetare avansata), Total, Harghita, Anul 2022, Numar persoane, 328
Invatamant universitar - absolventi cu diploma (licenta  master  cursuri postuniversitare  doctorat si programe postdoctorale de cercetare avansata), Total, Harghita, Anul 2023, Numar persoane, 323
Invatamant universitar - absolventi cu diploma (licenta  master  cursuri postuniversitare  doctorat si programe postdoctorale de cercetare avansata), Total, Mures, Anul 2014, Numar persoane, 3907
Invatamant universitar - absolventi cu diploma (licenta  master  cursuri postuniversitare  doctorat si programe postdoctorale de cercetare avansata), Total, Mures, Anul 2015, Numar persoane, 2578
Invatamant universitar - absolventi cu diploma (licenta  master  cursuri postuniversitare  doctorat si programe postdoctorale de cercetare avansata), Total, Mures, Anul 2016, Numar persoane, 2625
Invatamant universitar - absolventi cu diploma (licenta  master  cursuri postuniversitare  doctorat si programe postdoctorale de cercetare avansata), Total, Mures, Anul 2017, Numar persoane, 2408
Invatamant universitar - absolventi cu diploma (licenta  master  cursuri postuniversitare  doctorat si programe postdoctorale de cercetare avansata), Total, Mures, Anul 2018, Numar persoane, 2567
Invatamant universitar - absolventi cu diploma (licenta  master  cursuri postuniversitare  doctorat si programe postdoctorale de cercetare avansata), Total, Mures, Anul 2019, Numar persoane, 2591
Invatamant universitar - absolventi cu diploma (licenta  master  cursuri postuniversitare  doctorat si programe postdoctorale de cercetare avansata), Total, Mures, Anul 2020, Numar persoane, 2678
Invatamant universitar - absolventi cu diploma (licenta  master  cursuri postuniversitare  doctorat si programe postdoctorale de cercetare avansata), Total, Mures, Anul 2021, Numar persoane, 2616
Invatamant universitar - absolventi cu diploma (licenta  master  cursuri postuniversitare  doctorat si programe postdoctorale de cercetare avansata), Total, Mures, Anul 2022, Numar persoane, 2701
Invatamant universitar - absolventi cu diploma (licenta  master  cursuri postuniversitare  doctorat si programe postdoctorale de cercetare avansata), Total, Mures, Anul 2023, Numar persoane, 2651
Invatamant universitar - absolventi cu diploma (licenta  master  cursuri postuniversitare  doctorat si programe postdoctorale de cercetare avansata), Total, Sibiu, Anul 2014, Numar persoane, 4727
Invatamant universitar - absolventi cu diploma (licenta  master  cursuri postuniversitare  doctorat si programe postdoctorale de cercetare avansata), Total, Sibiu, Anul 2015, Numar persoane, 3902
Invatamant universitar - absolventi cu diploma (licenta  master  cursuri postuniversitare  doctorat si programe postdoctorale de cercetare avansata), Total, Sibiu, Anul 2016, Numar persoane, 4022
Invatamant universitar - absolventi cu diploma (licenta  master  cursuri postuniversitare  doctorat si programe postdoctorale de cercetare avansata), Total, Sibiu, Anul 2017, Numar persoane, 3749
Invatamant universitar - absolventi cu diploma (licenta  master  cursuri postuniversitare  doctorat si programe postdoctorale de cercetare avansata), Total, Sibiu, Anul 2018, Numar persoane, 3696
Invatamant universitar - absolventi cu diploma (licenta  master  cursuri postuniversitare  doctorat si programe postdoctorale de cercetare avansata), Total, Sibiu, Anul 2019, Numar persoane, 3922
Invatamant universitar - absolventi cu diploma (licenta  master  cursuri postuniversitare  doctorat si programe postdoctorale de cercetare avansata), Total, Sibiu, Anul 2020, Numar persoane, 3940
Invatamant universitar - absolventi cu diploma (licenta  master  cursuri postuniversitare  doctorat si programe postdoctorale de cercetare avansata), Total, Sibiu, Anul 2021, Numar persoane, 3757
Invatamant universitar - absolventi cu diploma (licenta  master  cursuri postuniversitare  doctorat si programe postdoctorale de cercetare avansata), Total, Sibiu, Anul 2022, Numar persoane, 3661
Invatamant universitar - absolventi cu diploma (licenta  master  cursuri postuniversitare  doctorat si programe postdoctorale de cercetare avansata), Total, Sibiu, Anul 2023, Numar persoane, 3683
Invatamant universitar - absolventi cu diploma (licenta  master  cursuri postuniversitare  doctorat si programe postdoctorale de cercetare avansata), Total, Bacau, Anul 2014, Numar persoane, 1542
Invatamant universitar - absolventi cu diploma (licenta  master  cursuri postuniversitare  doctorat si programe postdoctorale de cercetare avansata), Total, Bacau, Anul 2015, Numar persoane, 1479
Invatamant universitar - absolventi cu diploma (licenta  master  cursuri postuniversitare  doctorat si programe postdoctorale de cercetare avansata), Total, Bacau, Anul 2016, Numar persoane, 1461
Invatamant universitar - absolventi cu diploma (licenta  master  cursuri postuniversitare  doctorat si programe postdoctorale de cercetare avansata), Total, Bacau, Anul 2017, Numar persoane, 1475
Invatamant universitar - absolventi cu diploma (licenta  master  cursuri postuniversitare  doctorat si programe postdoctorale de cercetare avansata), Total, Bacau, Anul 2018, Numar persoane, 1624
Invatamant universitar - absolventi cu diploma (licenta  master  cursuri postuniversitare  doctorat si programe postdoctorale de cercetare avansata), Total, Bacau, Anul 2019, Numar persoane, 1797
Invatamant universitar - absolventi cu diploma (licenta  master  cursuri postuniversitare  doctorat si programe postdoctorale de cercetare avansata), Total, Bacau, Anul 2020, Numar persoane, 1838
Invatamant universitar - absolventi cu diploma (licenta  master  cursuri postuniversitare  doctorat si programe postdoctorale de cercetare avansata), Total, Bacau, Anul 2021, Numar persoane, 1730
Invatamant universitar - absolventi cu diploma (licenta  master  cursuri postuniversitare  doctorat si programe postdoctorale de cercetare avansata), Total, Bacau, Anul 2022, Numar persoane, 1877
Invatamant universitar - absolventi cu diploma (licenta  master  cursuri postuniversitare  doctorat si programe postdoctorale de cercetare avansata), Total, Bacau, Anul 2023, Numar persoane, 1684
Invatamant universitar - absolventi cu diploma (licenta  master  cursuri postuniversitare  doctorat si programe postdoctorale de cercetare avansata), Total, Botosani, Anul 2014, Numar persoane, 57
Invatamant universitar - absolventi cu diploma (licenta  master  cursuri postuniversitare  doctorat si programe postdoctorale de cercetare avansata), Total, Botosani, Anul 2022, Numar persoane, 16
Invatamant universitar - absolventi cu diploma (licenta  master  cursuri postuniversitare  doctorat si programe postdoctorale de cercetare avansata), Total, Botosani, Anul 2023, Numar persoane, 41
Invatamant universitar - absolventi cu diploma (licenta  master  cursuri postuniversitare  doctorat si programe postdoctorale de cercetare avansata), Total, Iasi, Anul 2014, Numar persoane, 13947
Invatamant universitar - absolventi cu diploma (licenta  master  cursuri postuniversitare  doctorat si programe postdoctorale de cercetare avansata), Total, Iasi, Anul 2015, Numar persoane, 11428
Invatamant universitar - absolventi cu diploma (licenta  master  cursuri postuniversitare  doctorat si programe postdoctorale de cercetare avansata), Total, Iasi, Anul 2016, Numar persoane, 11096
Invatamant universitar - absolventi cu diploma (licenta  master  cursuri postuniversitare  doctorat si programe postdoctorale de cercetare avansata), Total, Iasi, Anul 2017, Numar persoane, 12878
Invatamant universitar - absolventi cu diploma (licenta  master  cursuri postuniversitare  doctorat si programe postdoctorale de cercetare avansata), Total, Iasi, Anul 2018, Numar persoane, 11486
Invatamant universitar - absolventi cu diploma (licenta  master  cursuri postuniversitare  doctorat si programe postdoctorale de cercetare avansata), Total, Iasi, Anul 2019, Numar persoane, 12032
Invatamant universitar - absolventi cu diploma (licenta  master  cursuri postuniversitare  doctorat si programe postdoctorale de cercetare avansata), Total, Iasi, Anul 2020, Numar persoane, 11746
Invatamant universitar - absolventi cu diploma (licenta  master  cursuri postuniversitare  doctorat si programe postdoctorale de cercetare avansata), Total, Iasi, Anul 2021, Numar persoane, 11422
Invatamant universitar - absolventi cu diploma (licenta  master  cursuri postuniversitare  doctorat si programe postdoctorale de cercetare avansata), Total, Iasi, Anul 2022, Numar persoane, 11382
Invatamant universitar - absolventi cu diploma (licenta  master  cursuri postuniversitare  doctorat si programe postdoctorale de cercetare avansata), Total, Iasi, Anul 2023, Numar persoane, 11834
Invatamant universitar - absolventi cu diploma (licenta  master  cursuri postuniversitare  doctorat si programe postdoctorale de cercetare avansata), Total, Neamt, Anul 2014, Numar persoane, 105
Invatamant universitar - absolventi cu diploma (licenta  master  cursuri postuniversitare  doctorat si programe postdoctorale de cercetare avansata), Total, Neamt, Anul 2015, Numar persoane, 72
Invatamant universitar - absolventi cu diploma (licenta  master  cursuri postuniversitare  doctorat si programe postdoctorale de cercetare avansata), Total, Neamt, Anul 2016, Numar persoane, 56
Invatamant universitar - absolventi cu diploma (licenta  master  cursuri postuniversitare  doctorat si programe postdoctorale de cercetare avansata), Total, Neamt, Anul 2017, Numar persoane, 69
Invatamant universitar - absolventi cu diploma (licenta  master  cursuri postuniversitare  doctorat si programe postdoctorale de cercetare avansata), Total, Neamt, Anul 2018, Numar persoane, 29
Invatamant universitar - absolventi cu diploma (licenta  master  cursuri postuniversitare  doctorat si programe postdoctorale de cercetare avansata), Total, Neamt, Anul 2019, Numar persoane, 27
Invatamant universitar - absolventi cu diploma (licenta  master  cursuri postuniversitare  doctorat si programe postdoctorale de cercetare avansata), Total, Neamt, Anul 2020, Numar persoane, 20
Invatamant universitar - absolventi cu diploma (licenta  master  cursuri postuniversitare  doctorat si programe postdoctorale de cercetare avansata), Total, Neamt, Anul 2021, Numar persoane, 22
Invatamant universitar - absolventi cu diploma (licenta  master  cursuri postuniversitare  doctorat si programe postdoctorale de cercetare avansata), Total, Neamt, Anul 2022, Numar persoane, 18
Invatamant universitar - absolventi cu diploma (licenta  master  cursuri postuniversitare  doctorat si programe postdoctorale de cercetare avansata), Total, Neamt, Anul 2023, Numar persoane, 27
Invatamant universitar - absolventi cu diploma (licenta  master  cursuri postuniversitare  doctorat si programe postdoctorale de cercetare avansata), Total, Suceava, Anul 2014, Numar persoane, 2249
Invatamant universitar - absolventi cu diploma (licenta  master  cursuri postuniversitare  doctorat si programe postdoctorale de cercetare avansata), Total, Suceava, Anul 2015, Numar persoane, 2298
Invatamant universitar - absolventi cu diploma (licenta  master  cursuri postuniversitare  doctorat si programe postdoctorale de cercetare avansata), Total, Suceava, Anul 2016, Numar persoane, 1843
Invatamant universitar - absolventi cu diploma (licenta  master  cursuri postuniversitare  doctorat si programe postdoctorale de cercetare avansata), Total, Suceava, Anul 2017, Numar persoane, 2023
Invatamant universitar - absolventi cu diploma (licenta  master  cursuri postuniversitare  doctorat si programe postdoctorale de cercetare avansata), Total, Suceava, Anul 2018, Numar persoane, 2123
Invatamant universitar - absolventi cu diploma (licenta  master  cursuri postuniversitare  doctorat si programe postdoctorale de cercetare avansata), Total, Suceava, Anul 2019, Numar persoane, 2128
Invatamant universitar - absolventi cu diploma (licenta  master  cursuri postuniversitare  doctorat si programe postdoctorale de cercetare avansata), Total, Suceava, Anul 2020, Numar persoane, 2111
Invatamant universitar - absolventi cu diploma (licenta  master  cursuri postuniversitare  doctorat si programe postdoctorale de cercetare avansata), Total, Suceava, Anul 2021, Numar persoane, 2189
Invatamant universitar - absolventi cu diploma (licenta  master  cursuri postuniversitare  doctorat si programe postdoctorale de cercetare avansata), Total, Suceava, Anul 2022, Numar persoane, 2337
Invatamant universitar - absolventi cu diploma (licenta  master  cursuri postuniversitare  doctorat si programe postdoctorale de cercetare avansata), Total, Suceava, Anul 2023, Numar persoane, 2500
Invatamant universitar - absolventi cu diploma (licenta  master  cursuri postuniversitare  doctorat si programe postdoctorale de cercetare avansata), Total, Braila, Anul 2014, Numar persoane, 243
Invatamant universitar - absolventi cu diploma (licenta  master  cursuri postuniversitare  doctorat si programe postdoctorale de cercetare avansata), Total, Braila, Anul 2015, Numar persoane, 210
Invatamant universitar - absolventi cu diploma (licenta  master  cursuri postuniversitare  doctorat si programe postdoctorale de cercetare avansata), Total, Braila, Anul 2016, Numar persoane, 158
Invatamant universitar - absolventi cu diploma (licenta  master  cursuri postuniversitare  doctorat si programe postdoctorale de cercetare avansata), Total, Braila, Anul 2017, Numar persoane, 190
Invatamant universitar - absolventi cu diploma (licenta  master  cursuri postuniversitare  doctorat si programe postdoctorale de cercetare avansata), Total, Braila, Anul 2018, Numar persoane, 198
Invatamant universitar - absolventi cu diploma (licenta  master  cursuri postuniversitare  doctorat si programe postdoctorale de cercetare avansata), Total, Braila, Anul 2019, Numar persoane, 223
Invatamant universitar - absolventi cu diploma (licenta  master  cursuri postuniversitare  doctorat si programe postdoctorale de cercetare avansata), Total, Braila, Anul 2020, Numar persoane, 202
Invatamant universitar - absolventi cu diploma (licenta  master  cursuri postuniversitare  doctorat si programe postdoctorale de cercetare avansata), Total, Braila, Anul 2021, Numar persoane, 208
Invatamant universitar - absolventi cu diploma (licenta  master  cursuri postuniversitare  doctorat si programe postdoctorale de cercetare avansata), Total, Braila, Anul 2022, Numar persoane, 172
Invatamant universitar - absolventi cu diploma (licenta  master  cursuri postuniversitare  doctorat si programe postdoctorale de cercetare avansata), Total, Braila, Anul 2023, Numar persoane, 176
Invatamant universitar - absolventi cu diploma (licenta  master  cursuri postuniversitare  doctorat si programe postdoctorale de cercetare avansata), Total, Buzau, Anul 2014, Numar persoane, 109
Invatamant universitar - absolventi cu diploma (licenta  master  cursuri postuniversitare  doctorat si programe postdoctorale de cercetare avansata), Total, Buzau, Anul 2015, Numar persoane, 134
Invatamant universitar - absolventi cu diploma (licenta  master  cursuri postuniversitare  doctorat si programe postdoctorale de cercetare avansata), Total, Buzau, Anul 2016, Numar persoane, 129
Invatamant universitar - absolventi cu diploma (licenta  master  cursuri postuniversitare  doctorat si programe postdoctorale de cercetare avansata), Total, Buzau, Anul 2017, Numar persoane, 123
Invatamant universitar - absolventi cu diploma (licenta  master  cursuri postuniversitare  doctorat si programe postdoctorale de cercetare avansata), Total, Buzau, Anul 2018, Numar persoane, 130
Invatamant universitar - absolventi cu diploma (licenta  master  cursuri postuniversitare  doctorat si programe postdoctorale de cercetare avansata), Total, Buzau, Anul 2019, Numar persoane, 145
Invatamant universitar - absolventi cu diploma (licenta  master  cursuri postuniversitare  doctorat si programe postdoctorale de cercetare avansata), Total, Buzau, Anul 2020, Numar persoane, 136
Invatamant universitar - absolventi cu diploma (licenta  master  cursuri postuniversitare  doctorat si programe postdoctorale de cercetare avansata), Total, Buzau, Anul 2021, Numar persoane, 144
Invatamant universitar - absolventi cu diploma (licenta  master  cursuri postuniversitare  doctorat si programe postdoctorale de cercetare avansata), Total, Buzau, Anul 2022, Numar persoane, 183
Invatamant universitar - absolventi cu diploma (licenta  master  cursuri postuniversitare  doctorat si programe postdoctorale de cercetare avansata), Total, Buzau, Anul 2023, Numar persoane, 185
Invatamant universitar - absolventi cu diploma (licenta  master  cursuri postuniversitare  doctorat si programe postdoctorale de cercetare avansata), Total, Constanta, Anul 2014, Numar persoane, 5233
Invatamant universitar - absolventi cu diploma (licenta  master  cursuri postuniversitare  doctorat si programe postdoctorale de cercetare avansata), Total, Constanta, Anul 2015, Numar persoane, 4976
Invatamant universitar - absolventi cu diploma (licenta  master  cursuri postuniversitare  doctorat si programe postdoctorale de cercetare avansata), Total, Constanta, Anul 2016, Numar persoane, 5042
Invatamant universitar - absolventi cu diploma (licenta  master  cursuri postuniversitare  doctorat si programe postdoctorale de cercetare avansata), Total, Constanta, Anul 2017, Numar persoane, 5145
Invatamant universitar - absolventi cu diploma (licenta  master  cursuri postuniversitare  doctorat si programe postdoctorale de cercetare avansata), Total, Constanta, Anul 2018, Numar persoane, 5017
Invatamant universitar - absolventi cu diploma (licenta  master  cursuri postuniversitare  doctorat si programe postdoctorale de cercetare avansata), Total, Constanta, Anul 2019, Numar persoane, 5165
Invatamant universitar - absolventi cu diploma (licenta  master  cursuri postuniversitare  doctorat si programe postdoctorale de cercetare avansata), Total, Constanta, Anul 2020, Numar persoane, 5252
Invatamant universitar - absolventi cu diploma (licenta  master  cursuri postuniversitare  doctorat si programe postdoctorale de cercetare avansata), Total, Constanta, Anul 2021, Numar persoane, 4809
Invatamant universitar - absolventi cu diploma (licenta  master  cursuri postuniversitare  doctorat si programe postdoctorale de cercetare avansata), Total, Constanta, Anul 2022, Numar persoane, 5037
Invatamant universitar - absolventi cu diploma (licenta  master  cursuri postuniversitare  doctorat si programe postdoctorale de cercetare avansata), Total, Constanta, Anul 2023, Numar persoane, 5130
Invatamant universitar - absolventi cu diploma (licenta  master  cursuri postuniversitare  doctorat si programe postdoctorale de cercetare avansata), Total, Galati, Anul 2014, Numar persoane, 3517
Invatamant universitar - absolventi cu diploma (licenta  master  cursuri postuniversitare  doctorat si programe postdoctorale de cercetare avansata), Total, Galati, Anul 2015, Numar persoane, 3431
Invatamant universitar - absolventi cu diploma (licenta  master  cursuri postuniversitare  doctorat si programe postdoctorale de cercetare avansata), Total, Galati, Anul 2016, Numar persoane, 3148
Invatamant universitar - absolventi cu diploma (licenta  master  cursuri postuniversitare  doctorat si programe postdoctorale de cercetare avansata), Total, Galati, Anul 2017, Numar persoane, 3455
Invatamant universitar - absolventi cu diploma (licenta  master  cursuri postuniversitare  doctorat si programe postdoctorale de cercetare avansata), Total, Galati, Anul 2018, Numar persoane, 3488
Invatamant universitar - absolventi cu diploma (licenta  master  cursuri postuniversitare  doctorat si programe postdoctorale de cercetare avansata), Total, Galati, Anul 2019, Numar persoane, 3869
Invatamant universitar - absolventi cu diploma (licenta  master  cursuri postuniversitare  doctorat si programe postdoctorale de cercetare avansata), Total, Galati, Anul 2020, Numar persoane, 3812
Invatamant universitar - absolventi cu diploma (licenta  master  cursuri postuniversitare  doctorat si programe postdoctorale de cercetare avansata), Total, Galati, Anul 2021, Numar persoane, 3355
Invatamant universitar - absolventi cu diploma (licenta  master  cursuri postuniversitare  doctorat si programe postdoctorale de cercetare avansata), Total, Galati, Anul 2022, Numar persoane, 3588
Invatamant universitar - absolventi cu diploma (licenta  master  cursuri postuniversitare  doctorat si programe postdoctorale de cercetare avansata), Total, Galati, Anul 2023, Numar persoane, 3455
Invatamant universitar - absolventi cu diploma (licenta  master  cursuri postuniversitare  doctorat si programe postdoctorale de cercetare avansata), Total, Tulcea, Anul 2021, Numar persoane, 39
Invatamant universitar - absolventi cu diploma (licenta  master  cursuri postuniversitare  doctorat si programe postdoctorale de cercetare avansata), Total, Tulcea, Anul 2022, Numar persoane, 32
Invatamant universitar - absolventi cu diploma (licenta  master  cursuri postuniversitare  doctorat si programe postdoctorale de cercetare avansata), Total, Tulcea, Anul 2023, Numar persoane, 13
Invatamant universitar - absolventi cu diploma (licenta  master  cursuri postuniversitare  doctorat si programe postdoctorale de cercetare avansata), Total, Vrancea, Anul 2014, Numar persoane, 96
Invatamant universitar - absolventi cu diploma (licenta  master  cursuri postuniversitare  doctorat si programe postdoctorale de cercetare avansata), Total, Vrancea, Anul 2015, Numar persoane, 89
Invatamant universitar - absolventi cu diploma (licenta  master  cursuri postuniversitare  doctorat si programe postdoctorale de cercetare avansata), Total, Vrancea, Anul 2016, Numar persoane, 82
Invatamant universitar - absolventi cu diploma (licenta  master  cursuri postuniversitare  doctorat si programe postdoctorale de cercetare avansata), Total, Vrancea, Anul 2017, Numar persoane, 96
Invatamant universitar - absolventi cu diploma (licenta  master  cursuri postuniversitare  doctorat si programe postdoctorale de cercetare avansata), Total, Vrancea, Anul 2018, Numar persoane, 100
Invatamant universitar - absolventi cu diploma (licenta  master  cursuri postuniversitare  doctorat si programe postdoctorale de cercetare avansata), Total, Vrancea, Anul 2019, Numar persoane, 92
Invatamant universitar - absolventi cu diploma (licenta  master  cursuri postuniversitare  doctorat si programe postdoctorale de cercetare avansata), Total, Vrancea, Anul 2020, Numar persoane, 85
Invatamant universitar - absolventi cu diploma (licenta  master  cursuri postuniversitare  doctorat si programe postdoctorale de cercetare avansata), Total, Vrancea, Anul 2021, Numar persoane, 80
Invatamant universitar - absolventi cu diploma (licenta  master  cursuri postuniversitare  doctorat si programe postdoctorale de cercetare avansata), Total, Vrancea, Anul 2022, Numar persoane, 87
Invatamant universitar - absolventi cu diploma (licenta  master  cursuri postuniversitare  doctorat si programe postdoctorale de cercetare avansata), Total, Vrancea, Anul 2023, Numar persoane, 106
Invatamant universitar - absolventi cu diploma (licenta  master  cursuri postuniversitare  doctorat si programe postdoctorale de cercetare avansata), Total, Arges, Anul 2014, Numar persoane, 3049
Invatamant universitar - absolventi cu diploma (licenta  master  cursuri postuniversitare  doctorat si programe postdoctorale de cercetare avansata), Total, Arges, Anul 2015, Numar persoane, 2818
Invatamant universitar - absolventi cu diploma (licenta  master  cursuri postuniversitare  doctorat si programe postdoctorale de cercetare avansata), Total, Arges, Anul 2016, Numar persoane, 2664
Invatamant universitar - absolventi cu diploma (licenta  master  cursuri postuniversitare  doctorat si programe postdoctorale de cercetare avansata), Total, Arges, Anul 2017, Numar persoane, 2700
Invatamant universitar - absolventi cu diploma (licenta  master  cursuri postuniversitare  doctorat si programe postdoctorale de cercetare avansata), Total, Arges, Anul 2018, Numar persoane, 2729
Invatamant universitar - absolventi cu diploma (licenta  master  cursuri postuniversitare  doctorat si programe postdoctorale de cercetare avansata), Total, Arges, Anul 2019, Numar persoane, 2605
Invatamant universitar - absolventi cu diploma (licenta  master  cursuri postuniversitare  doctorat si programe postdoctorale de cercetare avansata), Total, Arges, Anul 2020, Numar persoane, 2559
Invatamant universitar - absolventi cu diploma (licenta  master  cursuri postuniversitare  doctorat si programe postdoctorale de cercetare avansata), Total, Arges, Anul 2021, Numar persoane, 2471
Invatamant universitar - absolventi cu diploma (licenta  master  cursuri postuniversitare  doctorat si programe postdoctorale de cercetare avansata), Total, Arges, Anul 2022, Numar persoane, 2376
Invatamant universitar - absolventi cu diploma (licenta  master  cursuri postuniversitare  doctorat si programe postdoctorale de cercetare avansata), Total, Arges, Anul 2023, Numar persoane, 2263
Invatamant universitar - absolventi cu diploma (licenta  master  cursuri postuniversitare  doctorat si programe postdoctorale de cercetare avansata), Total, Calarasi, Anul 2014, Numar persoane, 50
Invatamant universitar - absolventi cu diploma (licenta  master  cursuri postuniversitare  doctorat si programe postdoctorale de cercetare avansata), Total, Calarasi, Anul 2015, Numar persoane, 56
Invatamant universitar - absolventi cu diploma (licenta  master  cursuri postuniversitare  doctorat si programe postdoctorale de cercetare avansata), Total, Calarasi, Anul 2016, Numar persoane, 76
Invatamant universitar - absolventi cu diploma (licenta  master  cursuri postuniversitare  doctorat si programe postdoctorale de cercetare avansata), Total, Calarasi, Anul 2017, Numar persoane, 63
Invatamant universitar - absolventi cu diploma (licenta  master  cursuri postuniversitare  doctorat si programe postdoctorale de cercetare avansata), Total, Calarasi, Anul 2018, Numar persoane, 64
Invatamant universitar - absolventi cu diploma (licenta  master  cursuri postuniversitare  doctorat si programe postdoctorale de cercetare avansata), Total, Calarasi, Anul 2019, Numar persoane, 56
Invatamant universitar - absolventi cu diploma (licenta  master  cursuri postuniversitare  doctorat si programe postdoctorale de cercetare avansata), Total, Calarasi, Anul 2020, Numar persoane, 70
Invatamant universitar - absolventi cu diploma (licenta  master  cursuri postuniversitare  doctorat si programe postdoctorale de cercetare avansata), Total, Calarasi, Anul 2021, Numar persoane, 47
Invatamant universitar - absolventi cu diploma (licenta  master  cursuri postuniversitare  doctorat si programe postdoctorale de cercetare avansata), Total, Calarasi, Anul 2022, Numar persoane, 52
Invatamant universitar - absolventi cu diploma (licenta  master  cursuri postuniversitare  doctorat si programe postdoctorale de cercetare avansata), Total, Calarasi, Anul 2023, Numar persoane, 42
Invatamant universitar - absolventi cu diploma (licenta  master  cursuri postuniversitare  doctorat si programe postdoctorale de cercetare avansata), Total, Dambovita, Anul 2014, Numar persoane, 1334
Invatamant universitar - absolventi cu diploma (licenta  master  cursuri postuniversitare  doctorat si programe postdoctorale de cercetare avansata), Total, Dambovita, Anul 2015, Numar persoane, 1255
Invatamant universitar - absolventi cu diploma (licenta  master  cursuri postuniversitare  doctorat si programe postdoctorale de cercetare avansata), Total, Dambovita, Anul 2016, Numar persoane, 1261
Invatamant universitar - absolventi cu diploma (licenta  master  cursuri postuniversitare  doctorat si programe postdoctorale de cercetare avansata), Total, Dambovita, Anul 2017, Numar persoane, 1314
Invatamant universitar - absolventi cu diploma (licenta  master  cursuri postuniversitare  doctorat si programe postdoctorale de cercetare avansata), Total, Dambovita, Anul 2018, Numar persoane, 1180
Invatamant universitar - absolventi cu diploma (licenta  master  cursuri postuniversitare  doctorat si programe postdoctorale de cercetare avansata), Total, Dambovita, Anul 2019, Numar persoane, 1240
Invatamant universitar - absolventi cu diploma (licenta  master  cursuri postuniversitare  doctorat si programe postdoctorale de cercetare avansata), Total, Dambovita, Anul 2020, Numar persoane, 1217
Invatamant universitar - absolventi cu diploma (licenta  master  cursuri postuniversitare  doctorat si programe postdoctorale de cercetare avansata), Total, Dambovita, Anul 2021, Numar persoane, 1245
Invatamant universitar - absolventi cu diploma (licenta  master  cursuri postuniversitare  doctorat si programe postdoctorale de cercetare avansata), Total, Dambovita, Anul 2022, Numar persoane, 1216
Invatamant universitar - absolventi cu diploma (licenta  master  cursuri postuniversitare  doctorat si programe postdoctorale de cercetare avansata), Total, Dambovita, Anul 2023, Numar persoane, 1149
Invatamant universitar - absolventi cu diploma (licenta  master  cursuri postuniversitare  doctorat si programe postdoctorale de cercetare avansata), Total, Ialomita, Anul 2014, Numar persoane, 63
Invatamant universitar - absolventi cu diploma (licenta  master  cursuri postuniversitare  doctorat si programe postdoctorale de cercetare avansata), Total, Prahova, Anul 2014, Numar persoane, 1750
Invatamant universitar - absolventi cu diploma (licenta  master  cursuri postuniversitare  doctorat si programe postdoctorale de cercetare avansata), Total, Prahova, Anul 2015, Numar persoane, 1587
Invatamant universitar - absolventi cu diploma (licenta  master  cursuri postuniversitare  doctorat si programe postdoctorale de cercetare avansata), Total, Prahova, Anul 2016, Numar persoane, 1671
Invatamant universitar - absolventi cu diploma (licenta  master  cursuri postuniversitare  doctorat si programe postdoctorale de cercetare avansata), Total, Prahova, Anul 2017, Numar persoane, 1680
Invatamant universitar - absolventi cu diploma (licenta  master  cursuri postuniversitare  doctorat si programe postdoctorale de cercetare avansata), Total, Prahova, Anul 2018, Numar persoane, 1619
Invatamant universitar - absolventi cu diploma (licenta  master  cursuri postuniversitare  doctorat si programe postdoctorale de cercetare avansata), Total, Prahova, Anul 2019, Numar persoane, 1470
Invatamant universitar - absolventi cu diploma (licenta  master  cursuri postuniversitare  doctorat si programe postdoctorale de cercetare avansata), Total, Prahova, Anul 2020, Numar persoane, 1442
Invatamant universitar - absolventi cu diploma (licenta  master  cursuri postuniversitare  doctorat si programe postdoctorale de cercetare avansata), Total, Prahova, Anul 2021, Numar persoane, 1373
Invatamant universitar - absolventi cu diploma (licenta  master  cursuri postuniversitare  doctorat si programe postdoctorale de cercetare avansata), Total, Prahova, Anul 2022, Numar persoane, 1394
Invatamant universitar - absolventi cu diploma (licenta  master  cursuri postuniversitare  doctorat si programe postdoctorale de cercetare avansata), Total, Prahova, Anul 2023, Numar persoane, 1261
Invatamant universitar - absolventi cu diploma (licenta  master  cursuri postuniversitare  doctorat si programe postdoctorale de cercetare avansata), Total, Teleorman, Anul 2014, Numar persoane, 196
Invatamant universitar - absolventi cu diploma (licenta  master  cursuri postuniversitare  doctorat si programe postdoctorale de cercetare avansata), Total, Teleorman, Anul 2015, Numar persoane, 151
Invatamant universitar - absolventi cu diploma (licenta  master  cursuri postuniversitare  doctorat si programe postdoctorale de cercetare avansata), Total, Teleorman, Anul 2016, Numar persoane, 183
Invatamant universitar - absolventi cu diploma (licenta  master  cursuri postuniversitare  doctorat si programe postdoctorale de cercetare avansata), Total, Teleorman, Anul 2017, Numar persoane, 203
Invatamant universitar - absolventi cu diploma (licenta  master  cursuri postuniversitare  doctorat si programe postdoctorale de cercetare avansata), Total, Teleorman, Anul 2018, Numar persoane, 214
Invatamant universitar - absolventi cu diploma (licenta  master  cursuri postuniversitare  doctorat si programe postdoctorale de cercetare avansata), Total, Teleorman, Anul 2019, Numar persoane, 178
Invatamant universitar - absolventi cu diploma (licenta  master  cursuri postuniversitare  doctorat si programe postdoctorale de cercetare avansata), Total, Teleorman, Anul 2020, Numar persoane, 218
Invatamant universitar - absolventi cu diploma (licenta  master  cursuri postuniversitare  doctorat si programe postdoctorale de cercetare avansata), Total, Teleorman, Anul 2021, Numar persoane, 225
Invatamant universitar - absolventi cu diploma (licenta  master  cursuri postuniversitare  doctorat si programe postdoctorale de cercetare avansata), Total, Teleorman, Anul 2022, Numar persoane, 236
Invatamant universitar - absolventi cu diploma (licenta  master  cursuri postuniversitare  doctorat si programe postdoctorale de cercetare avansata), Total, Teleorman, Anul 2023, Numar persoane, 220
Invatamant universitar - absolventi cu diploma (licenta  master  cursuri postuniversitare  doctorat si programe postdoctorale de cercetare avansata), Total, Ilfov, Anul 2014, Numar persoane, 22
Invatamant universitar - absolventi cu diploma (licenta  master  cursuri postuniversitare  doctorat si programe postdoctorale de cercetare avansata), Total, Ilfov, Anul 2015, Numar persoane, 35
Invatamant universitar - absolventi cu diploma (licenta  master  cursuri postuniversitare  doctorat si programe postdoctorale de cercetare avansata), Total, Ilfov, Anul 2016, Numar persoane, 55
Invatamant universitar - absolventi cu diploma (licenta  master  cursuri postuniversitare  doctorat si programe postdoctorale de cercetare avansata), Total, Ilfov, Anul 2017, Numar persoane, 39
Invatamant universitar - absolventi cu diploma (licenta  master  cursuri postuniversitare  doctorat si programe postdoctorale de cercetare avansata), Total, Ilfov, Anul 2018, Numar persoane, 45
Invatamant universitar - absolventi cu diploma (licenta  master  cursuri postuniversitare  doctorat si programe postdoctorale de cercetare avansata), Total, Ilfov, Anul 2019, Numar persoane, 43
Invatamant universitar - absolventi cu diploma (licenta  master  cursuri postuniversitare  doctorat si programe postdoctorale de cercetare avansata), Total, Ilfov, Anul 2020, Numar persoane, 46
Invatamant universitar - absolventi cu diploma (licenta  master  cursuri postuniversitare  doctorat si programe postdoctorale de cercetare avansata), Total, Ilfov, Anul 2021, Numar persoane, 41
Invatamant universitar - absolventi cu diploma (licenta  master  cursuri postuniversitare  doctorat si programe postdoctorale de cercetare avansata), Total, Ilfov, Anul 2022, Numar persoane, 36
Invatamant universitar - absolventi cu diploma (licenta  master  cursuri postuniversitare  doctorat si programe postdoctorale de cercetare avansata), Total, Ilfov, Anul 2023, Numar persoane, 41
Invatamant universitar - absolventi cu diploma (licenta  master  cursuri postuniversitare  doctorat si programe postdoctorale de cercetare avansata), Total, Municipiul Bucuresti, Anul 2014, Numar persoane, 41455
Invatamant universitar - absolventi cu diploma (licenta  master  cursuri postuniversitare  doctorat si programe postdoctorale de cercetare avansata), Total, Municipiul Bucuresti, Anul 2015, Numar persoane, 39692
Invatamant universitar - absolventi cu diploma (licenta  master  cursuri postuniversitare  doctorat si programe postdoctorale de cercetare avansata), Total, Municipiul Bucuresti, Anul 2016, Numar persoane, 40887
Invatamant universitar - absolventi cu diploma (licenta  master  cursuri postuniversitare  doctorat si programe postdoctorale de cercetare avansata), Total, Municipiul Bucuresti, Anul 2017, Numar persoane, 42882
Invatamant universitar - absolventi cu diploma (licenta  master  cursuri postuniversitare  doctorat si programe postdoctorale de cercetare avansata), Total, Municipiul Bucuresti, Anul 2018, Numar persoane, 41827
Invatamant universitar - absolventi cu diploma (licenta  master  cursuri postuniversitare  doctorat si programe postdoctorale de cercetare avansata), Total, Municipiul Bucuresti, Anul 2019, Numar persoane, 43315
Invatamant universitar - absolventi cu diploma (licenta  master  cursuri postuniversitare  doctorat si programe postdoctorale de cercetare avansata), Total, Municipiul Bucuresti, Anul 2020, Numar persoane, 44675
Invatamant universitar - absolventi cu diploma (licenta  master  cursuri postuniversitare  doctorat si programe postdoctorale de cercetare avansata), Total, Municipiul Bucuresti, Anul 2021, Numar persoane, 41883
Invatamant universitar - absolventi cu diploma (licenta  master  cursuri postuniversitare  doctorat si programe postdoctorale de cercetare avansata), Total, Municipiul Bucuresti, Anul 2022, Numar persoane, 41713
Invatamant universitar - absolventi cu diploma (licenta  master  cursuri postuniversitare  doctorat si programe postdoctorale de cercetare avansata), Total, Municipiul Bucuresti, Anul 2023, Numar persoane, 41683
Invatamant universitar - absolventi cu diploma (licenta  master  cursuri postuniversitare  doctorat si programe postdoctorale de cercetare avansata), Total, Dolj, Anul 2014, Numar persoane, 6013
Invatamant universitar - absolventi cu diploma (licenta  master  cursuri postuniversitare  doctorat si programe postdoctorale de cercetare avansata), Total, Dolj, Anul 2015, Numar persoane, 5873
Invatamant universitar - absolventi cu diploma (licenta  master  cursuri postuniversitare  doctorat si programe postdoctorale de cercetare avansata), Total, Dolj, Anul 2016, Numar persoane, 5794
Invatamant universitar - absolventi cu diploma (licenta  master  cursuri postuniversitare  doctorat si programe postdoctorale de cercetare avansata), Total, Dolj, Anul 2017, Numar persoane, 5775
Invatamant universitar - absolventi cu diploma (licenta  master  cursuri postuniversitare  doctorat si programe postdoctorale de cercetare avansata), Total, Dolj, Anul 2018, Numar persoane, 6086
Invatamant universitar - absolventi cu diploma (licenta  master  cursuri postuniversitare  doctorat si programe postdoctorale de cercetare avansata), Total, Dolj, Anul 2019, Numar persoane, 6041
Invatamant universitar - absolventi cu diploma (licenta  master  cursuri postuniversitare  doctorat si programe postdoctorale de cercetare avansata), Total, Dolj, Anul 2020, Numar persoane, 6183
Invatamant universitar - absolventi cu diploma (licenta  master  cursuri postuniversitare  doctorat si programe postdoctorale de cercetare avansata), Total, Dolj, Anul 2021, Numar persoane, 5981
Invatamant universitar - absolventi cu diploma (licenta  master  cursuri postuniversitare  doctorat si programe postdoctorale de cercetare avansata), Total, Dolj, Anul 2022, Numar persoane, 5880
Invatamant universitar - absolventi cu diploma (licenta  master  cursuri postuniversitare  doctorat si programe postdoctorale de cercetare avansata), Total, Dolj, Anul 2023, Numar persoane, 5572
Invatamant universitar - absolventi cu diploma (licenta  master  cursuri postuniversitare  doctorat si programe postdoctorale de cercetare avansata), Total, Gorj, Anul 2014, Numar persoane, 1013
Invatamant universitar - absolventi cu diploma (licenta  master  cursuri postuniversitare  doctorat si programe postdoctorale de cercetare avansata), Total, Gorj, Anul 2015, Numar persoane, 971
Invatamant universitar - absolventi cu diploma (licenta  master  cursuri postuniversitare  doctorat si programe postdoctorale de cercetare avansata), Total, Gorj, Anul 2016, Numar persoane, 810
Invatamant universitar - absolventi cu diploma (licenta  master  cursuri postuniversitare  doctorat si programe postdoctorale de cercetare avansata), Total, Gorj, Anul 2017, Numar persoane, 637
Invatamant universitar - absolventi cu diploma (licenta  master  cursuri postuniversitare  doctorat si programe postdoctorale de cercetare avansata), Total, Gorj, Anul 2018, Numar persoane, 689
Invatamant universitar - absolventi cu diploma (licenta  master  cursuri postuniversitare  doctorat si programe postdoctorale de cercetare avansata), Total, Gorj, Anul 2019, Numar persoane, 850
Invatamant universitar - absolventi cu diploma (licenta  master  cursuri postuniversitare  doctorat si programe postdoctorale de cercetare avansata), Total, Gorj, Anul 2020, Numar persoane, 972
Invatamant universitar - absolventi cu diploma (licenta  master  cursuri postuniversitare  doctorat si programe postdoctorale de cercetare avansata), Total, Gorj, Anul 2021, Numar persoane, 992
Invatamant universitar - absolventi cu diploma (licenta  master  cursuri postuniversitare  doctorat si programe postdoctorale de cercetare avansata), Total, Gorj, Anul 2022, Numar persoane, 1074
Invatamant universitar - absolventi cu diploma (licenta  master  cursuri postuniversitare  doctorat si programe postdoctorale de cercetare avansata), Total, Gorj, Anul 2023, Numar persoane, 1257
Invatamant universitar - absolventi cu diploma (licenta  master  cursuri postuniversitare  doctorat si programe postdoctorale de cercetare avansata), Total, Mehedinti, Anul 2014, Numar persoane, 575
Invatamant universitar - absolventi cu diploma (licenta  master  cursuri postuniversitare  doctorat si programe postdoctorale de cercetare avansata), Total, Mehedinti, Anul 2015, Numar persoane, 480
Invatamant universitar - absolventi cu diploma (licenta  master  cursuri postuniversitare  doctorat si programe postdoctorale de cercetare avansata), Total, Mehedinti, Anul 2016, Numar persoane, 516
Invatamant universitar - absolventi cu diploma (licenta  master  cursuri postuniversitare  doctorat si programe postdoctorale de cercetare avansata), Total, Mehedinti, Anul 2017, Numar persoane, 524
Invatamant universitar - absolventi cu diploma (licenta  master  cursuri postuniversitare  doctorat si programe postdoctorale de cercetare avansata), Total, Mehedinti, Anul 2018, Numar persoane, 525
Invatamant universitar - absolventi cu diploma (licenta  master  cursuri postuniversitare  doctorat si programe postdoctorale de cercetare avansata), Total, Mehedinti, Anul 2019, Numar persoane, 590
Invatamant universitar - absolventi cu diploma (licenta  master  cursuri postuniversitare  doctorat si programe postdoctorale de cercetare avansata), Total, Mehedinti, Anul 2020, Numar persoane, 572
Invatamant universitar - absolventi cu diploma (licenta  master  cursuri postuniversitare  doctorat si programe postdoctorale de cercetare avansata), Total, Mehedinti, Anul 2021, Numar persoane, 569
Invatamant universitar - absolventi cu diploma (licenta  master  cursuri postuniversitare  doctorat si programe postdoctorale de cercetare avansata), Total, Mehedinti, Anul 2022, Numar persoane, 613
Invatamant universitar - absolventi cu diploma (licenta  master  cursuri postuniversitare  doctorat si programe postdoctorale de cercetare avansata), Total, Mehedinti, Anul 2023, Numar persoane, 526
Invatamant universitar - absolventi cu diploma (licenta  master  cursuri postuniversitare  doctorat si programe postdoctorale de cercetare avansata), Total, Olt, Anul 2014, Numar persoane, 112
Invatamant universitar - absolventi cu diploma (licenta  master  cursuri postuniversitare  doctorat si programe postdoctorale de cercetare avansata), Total, Olt, Anul 2015, Numar persoane, 109
Invatamant universitar - absolventi cu diploma (licenta  master  cursuri postuniversitare  doctorat si programe postdoctorale de cercetare avansata), Total, Olt, Anul 2016, Numar persoane, 164
Invatamant universitar - absolventi cu diploma (licenta  master  cursuri postuniversitare  doctorat si programe postdoctorale de cercetare avansata), Total, Olt, Anul 2017, Numar persoane, 165
Invatamant universitar - absolventi cu diploma (licenta  master  cursuri postuniversitare  doctorat si programe postdoctorale de cercetare avansata), Total, Olt, Anul 2018, Numar persoane, 178
Invatamant universitar - absolventi cu diploma (licenta  master  cursuri postuniversitare  doctorat si programe postdoctorale de cercetare avansata), Total, Olt, Anul 2019, Numar persoane, 164
Invatamant universitar - absolventi cu diploma (licenta  master  cursuri postuniversitare  doctorat si programe postdoctorale de cercetare avansata), Total, Olt, Anul 2020, Numar persoane, 174
Invatamant universitar - absolventi cu diploma (licenta  master  cursuri postuniversitare  doctorat si programe postdoctorale de cercetare avansata), Total, Olt, Anul 2021, Numar persoane, 191
Invatamant universitar - absolventi cu diploma (licenta  master  cursuri postuniversitare  doctorat si programe postdoctorale de cercetare avansata), Total, Olt, Anul 2022, Numar persoane, 173
Invatamant universitar - absolventi cu diploma (licenta  master  cursuri postuniversitare  doctorat si programe postdoctorale de cercetare avansata), Total, Olt, Anul 2023, Numar persoane, 165
Invatamant universitar - absolventi cu diploma (licenta  master  cursuri postuniversitare  doctorat si programe postdoctorale de cercetare avansata), Total, Valcea, Anul 2014, Numar persoane, 452
Invatamant universitar - absolventi cu diploma (licenta  master  cursuri postuniversitare  doctorat si programe postdoctorale de cercetare avansata), Total, Valcea, Anul 2015, Numar persoane, 269
Invatamant universitar - absolventi cu diploma (licenta  master  cursuri postuniversitare  doctorat si programe postdoctorale de cercetare avansata), Total, Valcea, Anul 2016, Numar persoane, 286
Invatamant universitar - absolventi cu diploma (licenta  master  cursuri postuniversitare  doctorat si programe postdoctorale de cercetare avansata), Total, Valcea, Anul 2017, Numar persoane, 249
Invatamant universitar - absolventi cu diploma (licenta  master  cursuri postuniversitare  doctorat si programe postdoctorale de cercetare avansata), Total, Valcea, Anul 2018, Numar persoane, 243
Invatamant universitar - absolventi cu diploma (licenta  master  cursuri postuniversitare  doctorat si programe postdoctorale de cercetare avansata), Total, Valcea, Anul 2019, Numar persoane, 297
Invatamant universitar - absolventi cu diploma (licenta  master  cursuri postuniversitare  doctorat si programe postdoctorale de cercetare avansata), Total, Valcea, Anul 2020, Numar persoane, 313
Invatamant universitar - absolventi cu diploma (licenta  master  cursuri postuniversitare  doctorat si programe postdoctorale de cercetare avansata), Total, Valcea, Anul 2021, Numar persoane, 289
Invatamant universitar - absolventi cu diploma (licenta  master  cursuri postuniversitare  doctorat si programe postdoctorale de cercetare avansata), Total, Valcea, Anul 2022, Numar persoane, 269
Invatamant universitar - absolventi cu diploma (licenta  master  cursuri postuniversitare  doctorat si programe postdoctorale de cercetare avansata), Total, Valcea, Anul 2023, Numar persoane, 243
Invatamant universitar - absolventi cu diploma (licenta  master  cursuri postuniversitare  doctorat si programe postdoctorale de cercetare avansata), Total, Arad, Anul 2014, Numar persoane, 3405
Invatamant universitar - absolventi cu diploma (licenta  master  cursuri postuniversitare  doctorat si programe postdoctorale de cercetare avansata), Total, Arad, Anul 2015, Numar persoane, 3070
Invatamant universitar - absolventi cu diploma (licenta  master  cursuri postuniversitare  doctorat si programe postdoctorale de cercetare avansata), Total, Arad, Anul 2016, Numar persoane, 2752
Invatamant universitar - absolventi cu diploma (licenta  master  cursuri postuniversitare  doctorat si programe postdoctorale de cercetare avansata), Total, Arad, Anul 2017, Numar persoane, 2464
Invatamant universitar - absolventi cu diploma (licenta  master  cursuri postuniversitare  doctorat si programe postdoctorale de cercetare avansata), Total, Arad, Anul 2018, Numar persoane, 2317
Invatamant universitar - absolventi cu diploma (licenta  master  cursuri postuniversitare  doctorat si programe postdoctorale de cercetare avansata), Total, Arad, Anul 2019, Numar persoane, 2252
Invatamant universitar - absolventi cu diploma (licenta  master  cursuri postuniversitare  doctorat si programe postdoctorale de cercetare avansata), Total, Arad, Anul 2020, Numar persoane, 2304
Invatamant universitar - absolventi cu diploma (licenta  master  cursuri postuniversitare  doctorat si programe postdoctorale de cercetare avansata), Total, Arad, Anul 2021, Numar persoane, 2229
Invatamant universitar - absolventi cu diploma (licenta  master  cursuri postuniversitare  doctorat si programe postdoctorale de cercetare avansata), Total, Arad, Anul 2022, Numar persoane, 2281
Invatamant universitar - absolventi cu diploma (licenta  master  cursuri postuniversitare  doctorat si programe postdoctorale de cercetare avansata), Total, Arad, Anul 2023, Numar persoane, 2393
Invatamant universitar - absolventi cu diploma (licenta  master  cursuri postuniversitare  doctorat si programe postdoctorale de cercetare avansata), Total, Caras-Severin, Anul 2014, Numar persoane, 501
Invatamant universitar - absolventi cu diploma (licenta  master  cursuri postuniversitare  doctorat si programe postdoctorale de cercetare avansata), Total, Caras-Severin, Anul 2015, Numar persoane, 403
Invatamant universitar - absolventi cu diploma (licenta  master  cursuri postuniversitare  doctorat si programe postdoctorale de cercetare avansata), Total, Caras-Severin, Anul 2016, Numar persoane, 341
Invatamant universitar - absolventi cu diploma (licenta  master  cursuri postuniversitare  doctorat si programe postdoctorale de cercetare avansata), Total, Caras-Severin, Anul 2017, Numar persoane, 320
Invatamant universitar - absolventi cu diploma (licenta  master  cursuri postuniversitare  doctorat si programe postdoctorale de cercetare avansata), Total, Caras-Severin, Anul 2018, Numar persoane, 346
Invatamant universitar - absolventi cu diploma (licenta  master  cursuri postuniversitare  doctorat si programe postdoctorale de cercetare avansata), Total, Caras-Severin, Anul 2019, Numar persoane, 305
Invatamant universitar - absolventi cu diploma (licenta  master  cursuri postuniversitare  doctorat si programe postdoctorale de cercetare avansata), Total, Caras-Severin, Anul 2020, Numar persoane, 276
Invatamant universitar - absolventi cu diploma (licenta  master  cursuri postuniversitare  doctorat si programe postdoctorale de cercetare avansata), Total, Caras-Severin, Anul 2021, Numar persoane, 313
Invatamant universitar - absolventi cu diploma (licenta  master  cursuri postuniversitare  doctorat si programe postdoctorale de cercetare avansata), Total, Caras-Severin, Anul 2022, Numar persoane, 307
Invatamant universitar - absolventi cu diploma (licenta  master  cursuri postuniversitare  doctorat si programe postdoctorale de cercetare avansata), Total, Caras-Severin, Anul 2023, Numar persoane, 315
Invatamant universitar - absolventi cu diploma (licenta  master  cursuri postuniversitare  doctorat si programe postdoctorale de cercetare avansata), Total, Hunedoara, Anul 2014, Numar persoane, 1421
Invatamant universitar - absolventi cu diploma (licenta  master  cursuri postuniversitare  doctorat si programe postdoctorale de cercetare avansata), Total, Hunedoara, Anul 2015, Numar persoane, 1028
Invatamant universitar - absolventi cu diploma (licenta  master  cursuri postuniversitare  doctorat si programe postdoctorale de cercetare avansata), Total, Hunedoara, Anul 2016, Numar persoane, 1005
Invatamant universitar - absolventi cu diploma (licenta  master  cursuri postuniversitare  doctorat si programe postdoctorale de cercetare avansata), Total, Hunedoara, Anul 2017, Numar persoane, 947
Invatamant universitar - absolventi cu diploma (licenta  master  cursuri postuniversitare  doctorat si programe postdoctorale de cercetare avansata), Total, Hunedoara, Anul 2018, Numar persoane, 1012
Invatamant universitar - absolventi cu diploma (licenta  master  cursuri postuniversitare  doctorat si programe postdoctorale de cercetare avansata), Total, Hunedoara, Anul 2019, Numar persoane, 1094
Invatamant universitar - absolventi cu diploma (licenta  master  cursuri postuniversitare  doctorat si programe postdoctorale de cercetare avansata), Total, Hunedoara, Anul 2020, Numar persoane, 1095
Invatamant universitar - absolventi cu diploma (licenta  master  cursuri postuniversitare  doctorat si programe postdoctorale de cercetare avansata), Total, Hunedoara, Anul 2021, Numar persoane, 1125
Invatamant universitar - absolventi cu diploma (licenta  master  cursuri postuniversitare  doctorat si programe postdoctorale de cercetare avansata), Total, Hunedoara, Anul 2022, Numar persoane, 1063
Invatamant universitar - absolventi cu diploma (licenta  master  cursuri postuniversitare  doctorat si programe postdoctorale de cercetare avansata), Total, Hunedoara, Anul 2023, Numar persoane, 1182
Invatamant universitar - absolventi cu diploma (licenta  master  cursuri postuniversitare  doctorat si programe postdoctorale de cercetare avansata), Total, Timis, Anul 2014, Numar persoane, 9417
Invatamant universitar - absolventi cu diploma (licenta  master  cursuri postuniversitare  doctorat si programe postdoctorale de cercetare avansata), Total, Timis, Anul 2015, Numar persoane, 8183
Invatamant universitar - absolventi cu diploma (licenta  master  cursuri postuniversitare  doctorat si programe postdoctorale de cercetare avansata), Total, Timis, Anul 2016, Numar persoane, 8145
Invatamant universitar - absolventi cu diploma (licenta  master  cursuri postuniversitare  doctorat si programe postdoctorale de cercetare avansata), Total, Timis, Anul 2017, Numar persoane, 8547
Invatamant universitar - absolventi cu diploma (licenta  master  cursuri postuniversitare  doctorat si programe postdoctorale de cercetare avansata), Total, Timis, Anul 2018, Numar persoane, 8944
Invatamant universitar - absolventi cu diploma (licenta  master  cursuri postuniversitare  doctorat si programe postdoctorale de cercetare avansata), Total, Timis, Anul 2019, Numar persoane, 9253
Invatamant universitar - absolventi cu diploma (licenta  master  cursuri postuniversitare  doctorat si programe postdoctorale de cercetare avansata), Total, Timis, Anul 2020, Numar persoane, 9294
Invatamant universitar - absolventi cu diploma (licenta  master  cursuri postuniversitare  doctorat si programe postdoctorale de cercetare avansata), Total, Timis, Anul 2021, Numar persoane, 9033
Invatamant universitar - absolventi cu diploma (licenta  master  cursuri postuniversitare  doctorat si programe postdoctorale de cercetare avansata), Total, Timis, Anul 2022, Numar persoane, 9149
Invatamant universitar - absolventi cu diploma (licenta  master  cursuri postuniversitare  doctorat si programe postdoctorale de cercetare avansata), Total, Timis, Anul 2023, Numar persoane, 9467
